,DEA,DIF,DTOA_barra,LNCAP_barra,MACD,MIDCAP_barra,PSY,ROA_ttm,RSI,RSTR_barra,SP,STOA_barra,STOM_barra,STOQ_barra,bias_turn_12m,bias_turn_1m,bias_turn_3m,bias_turn_6m,exp_wgt_return_12m,exp_wgt_return_1m,exp_wgt_return_3m,exp_wgt_return_6m,ln_capital,std_12m,std_1m,std_3m,std_6m,turn_12m,turn_1m,turn_3m,turn_6m,wgt_return_12m,wgt_return_1m,wgt_return_3m,wgt_return_6m
2012-01-31,-7.0546782691829435,-6.255208533213656,1.0153565164605944,-2.59153015077451,2.417020454061384,-2.5642039684125844,-1.3886300547335881,-1.082940488707708,-4.951996182987745,-10.500314913005703,-1.0071362051129333,2.230776950769182,4.592301411746232,2.8854828338202387,-0.17066083969929174,3.3821149945168303,1.9314263308760513,1.4166782629403032,-4.324082346950233,-3.6162071117060193,-3.7754201570271086,-4.1217894678245965,-2.59153015077451,6.539970218143161,10.105069059880554,9.453919108589135,7.785578442073418,1.5361537236950948,3.8335883226634775,2.707496303933907,1.6972169148597298,-0.7270159370201668,-1.8636290652768766,-3.0483353878601114,-5.137560767462685
2012-02-29,0.9002274573924941,0.34833121897032754,-2.180506572663864,-0.6440241740092364,0.8245936228441549,0.19654174388940715,1.8680276883912434,2.8521977740405124,1.2599363054085035,7.192580929634711,-2.0141886972849794,-4.880203499590435,-9.090293783346842,-7.798073794362116,-4.545517526408405,-8.46949252719735,-7.561106766751852,-6.690127619552428,-6.609944437737229,-3.120855886125177,-7.677705069743198,-8.057410984715728,-0.6440241740092364,-5.5130560347507105,-8.529577062664098,-7.447310717754627,-6.785869618312331,-4.991314229009388,-9.190161110765713,-8.312648114579064,-7.098064322353347,-2.5923876935006027,-8.295429892550453,-6.186363880935148,-5.068261213895637
2012-03-30,-3.5904139881658423,-4.027749552153312,1.8105809112322744,0.7150365190078178,-0.24408448407042954,-3.2014193300447285,-4.229575406004103,-3.9135082394546554,-6.303325551190859,-7.6891064764583605,4.249132559989653,-2.3966742710667015,-6.132020320218257,-5.39558360826263,-2.0250482172662756,-5.721346733267708,-5.4359632498771235,-5.443372723303954,-4.017284926305923,2.2251903715005374,-1.3982921205700931,-2.9014267758979,0.7150365190078178,-2.523306360616054,-1.510170394600735,-2.626596061981476,-3.028627964457082,-4.348518020356141,-7.589256610002853,-6.737324577386293,-5.941700719574373,-4.3010033619462735,-2.734861281999654,-3.3183116515801756,-4.903348257341178
2012-04-27,1.855040574336651,0.4397001047733122,0.07489363731905777,-2.3969506946890804,-5.539760249695364,-0.038912715033071754,-2.159321792426791,3.747389622529812,-2.10461593969882,3.2276257366065764,-4.895952440209206,0.17517039319607428,-0.9180401966691724,-0.29568045780433194,-0.6436170698783849,-3.137806942568705,-1.1926691395012938,0.6567851430526709,-0.134885127617571,-0.5804743766981246,-1.4482295377719276,-1.0085954159112327,-2.3969506946890804,0.6690732604094244,-0.47260574320671705,-0.9349882523158353,0.03156494106897959,1.4376498499382424,-0.9330228916103024,1.0691201105319903,1.9300349364344567,1.3163389348011014,-1.5430235413883782,0.06367868398340917,0.1670977473397941
2012-05-31,1.4251319656852004,1.9122488455078779,-2.597969224059905,-2.2096600599258998,-0.1666932225517325,6.886901396190569,1.1087664857484798,7.545299855325703,1.9460376866626814,3.6173419461667398,-1.065147772243249,-6.575590493763696,-5.219902867622846,-6.3633163549913405,-2.2541433227103416,-3.7133524617264517,-4.049737088262246,-2.4363347205145818,-4.407361420350901,-1.2106127807552016,-2.89689297808187,-3.7379331399034883,-2.2096600599258998,-7.207372216295596,-4.462120981743569,-8.103912949073186,-7.245033106083106,-1.5867075983310113,-3.532016860764379,-2.7728071611583323,-2.0210011530745295,-3.7709161709254935,-0.4445086865436633,-3.6627206850540532,-6.3330117291264845
2012-06-29,0.3035023987808909,0.24370562023007344,-1.7813195737821679,2.1518255836222737,-0.03070640696416931,1.0336868225598794,0.1419797822650606,4.148669530720923,0.425924581249121,3.4704933613763758,-0.1027844569762107,-4.252009036730969,-5.011394601693895,-4.1195802470231655,-3.0992696152381023,-3.090255717655686,-1.9801231271689785,-2.1079180565712567,-3.7649746452757173,-1.4572302665748351,-3.241698743999458,-3.4523339246274793,2.1518255836222737,-7.818151305978558,-5.160513666031197,-5.130517552651356,-6.868667210750935,-4.428770267823491,-5.626732207012673,-4.826395203111697,-4.956008303294683,-3.1059588551888346,-2.3724191155370966,-2.618375109353518,-3.7320513349900133
2012-07-31,2.8801715953290157,3.905740356758592,0.6654357836721677,-7.453324187747765,-1.5348934972339767,2.0786834564695607,-2.9978568423152625,-4.158415488197087,-4.833794743047964,-2.6938983465568453,-2.7559468346488805,-4.334726823749926,-6.757411336917509,-5.903236067722252,-2.0301305840537553,-4.742166925260993,-3.982048522570673,-2.945739943446543,-3.4060259715050334,-3.4940200434847615,-2.051942592227526,-3.2494123495343903,-7.453324187747765,-2.3344525010555057,-3.3169172972963366,-3.0709209041510874,-2.610752955542437,-2.3216061409523086,-4.954510575956722,-4.28442373893193,-3.136684491992961,-2.6228624707931294,-3.4874920557182025,-2.5140297232688256,-2.415515317955922
2012-08-31,-6.65042027241758,-5.436689439679387,2.288500203732572,-1.3811529931758442,-1.1702670512015196,3.1544890428000025,1.2863203145119406,-1.2398221130053193,-2.313810343357076,-5.102864316025292,1.5747632288330138,0.2401851229580195,-2.5887467784940412,-2.1666960757262617,-2.02947495339351,-4.438807828498121,-4.307663476508727,-2.8824359805704627,-6.973265560690969,-4.1511999796525725,-4.642080010581906,-6.879773159496243,-1.3811529931758442,0.017011165266615686,-1.529182859880732,-0.947648574639606,-0.6802072714404734,-2.6643457302530664,-6.039396801088912,-5.029818810068846,-3.8546625055305483,-4.250489266354864,-5.631984178769823,-7.886360564356112,-5.145362984803894
2012-09-28,0.8032858588392578,1.202620429412626,3.821644591360291,-0.2855924366720328,-0.6675668890870604,0.08307006109762156,-3.600159650042137,-2.91317060087395,-1.091548647094945,-0.8459515508436508,3.6270416129512055,-5.476506654369233,-6.998193893358425,-6.678453356658451,-5.045402060699111,-5.705472638196251,-4.713594761253588,-5.057241981377212,-3.284036450428217,-2.05314455759858,-1.72770704128972,-2.6210664308720117,-0.2855924366720328,-4.5633412575936765,-5.040421040058105,-4.336675143246451,-5.0319273308426995,-5.80950845012482,-7.533134081094901,-6.380287210924104,-6.248820397647216,-2.8388642316453647,-4.748746820914904,-2.8857729814277175,-3.7736459722839157
2012-10-31,3.679089243463954,5.357694741335594,1.551796795236952,1.6450122055824006,7.504025278318279,7.170120819245055,3.8339183408189643,-1.236357165986592,3.1865550302387677,-1.103687204074908,4.090449232132237,-7.996841053779945,-8.207446986539,-8.707219601991147,-6.612007612616654,-5.017636567262578,-7.48179101261778,-8.473785359960882,-4.715768859941823,6.4904247507592085,2.314731703739278,-1.3918438162507258,1.6450122055824006,-13.20099895517094,-6.7932865112272856,-10.009062861485921,-11.946277816335552,-5.22999998946551,-7.508219686304092,-8.045826554734344,-7.578331923172269,-7.391575442238475,-0.8582008008145723,-5.2754932476356835,-7.206739885835623
2012-11-30,-10.278583833965152,-10.772989772531126,0.5133210422557447,6.310374706279094,-7.287752803520543,-0.26530533388735605,-3.608338488666714,6.170998162792307,-6.626530267798479,-7.95679257790284,0.26301654909803807,10.481488165925654,11.305959974077519,12.12474938422337,7.513497705650624,2.5977446536529896,4.351352438746128,7.28434458493612,-5.830777823160281,-11.119551620209183,-11.478645574526425,-10.04214644471462,6.310374706279094,12.270447309882579,9.323124423955221,11.355897614511678,12.667537452282849,9.678156415835,9.224258921296956,9.70636550834028,10.326362006841036,1.8093714281398248,-7.715285549580108,-4.407084761256539,-3.4890238710682726
2012-12-31,-1.7401008844321462,2.2241523277095574,1.3246858476570897,4.734494669167384,5.147143760933842,-7.162338494296807,3.230823866151922,-0.05381111205060371,-0.5559032603998617,0.17929305247945582,-3.2728366706530068,-0.11026382921588614,-3.03477150742694,-1.4801706161852655,1.759758405329007,-3.2989009486601404,-0.9320780574811309,-0.06838577235385987,-4.69631454964776,-2.676822757472593,-4.580115733993419,-4.59069380855417,4.734494669167384,-1.235890282764856,-3.526449130023876,-1.750638367230312,-1.8195801953807325,-3.0636211868934846,-6.148793876960822,-4.125415621952261,-3.609502885888793,-0.8309399757154854,-5.093190302504026,-3.4686536068825187,-1.4372273925661847
2013-01-31,4.014058953737976,2.7231110075797726,-2.3544186815814325,-1.1400628115456262,-0.9059120420168556,-2.41239311942213,0.24003875716528497,3.7247108473461883,-0.8822857834515464,5.472585049587254,-4.713869134073494,0.9110803533194947,-0.1929687866574403,0.78460790633251,-0.0801367679427787,-0.7048052622588806,0.08916246646908411,1.0141661596666987,0.7288918342960387,-1.5246308032632963,0.19235006810410293,0.8407258838849612,-1.1400628115456262,0.9421094979732646,4.6784193643254985,3.42628079854085,2.152374746485313,0.07887400137781474,0.048969140107955174,0.43909206126542605,0.5629843399782095,0.5447491540917865,1.0588178893934377,0.3816172801450865,1.2313637817971728
2013-02-28,1.6570434059957961,3.120667350908775,0.34439449347968065,-1.283121110370507,3.04683645761718,0.23781649024254176,0.46123414041850236,1.4664117240625054,-0.2947825520134959,6.584270329744286,-3.5107884169172565,-4.896291692801112,-8.561254503327431,-8.221809631363037,-2.197656764274478,-6.820273535443223,-7.245945959156712,-4.501828325010372,-5.953191446869396,-3.2454089762315648,-4.212785879405026,-5.789438926846119,-1.283121110370507,-4.881839529378776,-5.140202430340392,-7.887958080023601,-6.421478130647825,-3.420001853662699,-7.774806609719814,-7.319650656507171,-5.098460686166573,-2.2280186752016693,-3.2594221216703296,-7.402320086552294,-6.6490842717246
2013-03-29,1.1874063363952394,1.3250280995032362,-2.8786933307069194,0.340644797671268,-1.706706288226347,0.27772556731132875,2.0391393143081804,3.0397698428345947,1.1423235919658106,4.9914541442418745,-2.823523484889406,0.37792946895806473,-1.6235850506664915,-0.9177817462503162,-2.759289458583593,-4.192898664765464,-4.218144351822697,-3.6931752345033724,-1.4765306896823371,-0.07128754588892053,-2.335935130225621,-2.309296971633503,0.340644797671268,-0.6578031999842361,-0.21749117825266856,0.28977049889931594,-0.6192032530819083,0.6572499051662614,-2.193873329822255,-1.583723603834934,-0.9873418937065369,-0.061181625211526855,-2.461465082153758,-0.7394109775500685,-0.39375408875140555
2013-04-26,-2.7706198473877497,-2.4557341350083277,-2.5041212165460145,-2.23087211444504,-2.1525084108579837,-4.660749341365495,-0.14510945741826053,-0.08929590380374844,-1.7911105212592258,-0.5242535608093412,-4.844732527723174,3.9187057401344654,3.0237754581358973,4.9846088499084,2.758592280049763,0.8749856136435544,3.5625604479604127,3.4313816647278528,3.200672981168257,-3.139813561414511,-2.2791934334479853,0.9620384203452212,-2.23087211444504,5.325633335652848,1.9741277042459313,5.109958633175674,5.939986135134896,2.5995206826583517,2.330410450905575,4.452189694425017,3.640081066335486,3.504102587034478,-2.9022616512424206,3.0725344615165606,4.505056328840555
2013-05-31,7.4529655674563315,5.281870023186095,-5.511280484261697,-4.507550281168247,-5.823734840176428,4.964099890585451,-0.9175064966131994,8.055733841425253,2.619566307664673,9.917278377722777,-6.279347531207832,-1.0538946284162698,-0.4217949084767715,-2.1215187092590466,-4.533770799958376,-1.6893171507101528,-4.230075323997139,-5.47206415782561,2.712454484694787,-1.2421227429999255,1.8379223696340312,2.8321321486741278,-4.507550281168247,-1.854887246047821,6.265629014422778,0.7463946628321857,-1.8914990845049546,1.5249167010212128,2.1523979737819516,0.6095762453550647,0.17632209261992038,1.9957042452540592,2.8482484572067897,4.01280961925478,1.6533127416473352
2013-06-28,-3.760078028400688,-3.560690534693233,-3.0570319621743813,-1.2630016391778154,-1.2290842823892834,2.919910737136409,-0.8294153699937774,2.081231632396225,-3.1614764324100313,-1.2306524723940941,-0.31336711317935956,-0.43427192341080684,-0.9080517011625604,0.4117070983177245,1.4688844193103823,-0.8598637844416377,1.2262745221654234,1.8795575395594388,-0.8219659560504896,-3.6373560861458434,-3.619436251458648,-1.9929161825107715,-1.2630016391778154,-1.3107310827338319,-2.951591934077384,-0.8651885806298928,-0.050297053193187724,1.2159133831805373,-0.19032608171233312,1.072233902575233,1.4591169138436715,-0.3365396291950205,-4.645312791842758,-0.6828674968323782,0.5864690571297626
2013-07-31,-8.397208603476859,-8.523994394537503,3.265332526937007,1.4829915572243624,-0.10203967103207262,-0.9788507482201153,-0.4309103594785366,-3.40917217910119,-5.397610784028407,-9.892294334127836,8.051453938769695,-6.617644956193493,-8.027434068938685,-7.830487730473267,-0.1105723820101749,-3.7125259091336886,-3.0562472603029636,-1.1671277657692725,-8.634695365045957,-5.7458279254817315,-7.477253601609633,-8.404501853612302,1.4829915572243624,-5.400180443676089,-5.372941298368122,-7.32701257567908,-6.43788014193836,-6.95219813124656,-8.927952773593766,-8.830474156964055,-7.872292480764317,-6.977407291824098,-7.411970274235372,-8.24940121313095,-7.626240161752303
2013-08-30,2.5552392461100926,1.0217158851623178,-3.152778983058735,1.8736936402446982,-1.326856844293111,-0.1521331709514676,-1.0789873720749825,0.535471024032827,0.17216639230176206,3.6917445444971495,-0.7979741566751606,-1.5582933119335942,-0.42967110855430696,-0.17380959541218757,-0.23849410880716226,2.2473141641119727,2.3865139484393536,2.202456845189733,0.4211577624791495,-1.6359429339456608,-1.9450023755156456,-0.39214378314695686,1.8736936402446982,-0.9232086353635514,2.245308568917398,2.4041542568576153,0.8085752756765971,-0.49927730452983904,0.43283564759532916,0.9195679738739634,0.8712184188071103,0.9257392594708926,-2.51808874937066,0.6776625740119504,1.5627936988492175
2013-09-30,-4.3876571461014935,-5.012923816780083,2.312716025691709,0.035297600191198195,-2.7675339133033563,2.5933614120146844,-5.313263429150345,0.7487907780883529,-2.9991811585554697,-8.911344768047078,7.868456882293999,-5.819556132409594,-8.886729518875805,-8.36623793358945,-2.9224206628952527,-5.57165775346511,-6.309192960688708,-6.083830939840975,-9.832054742448513,-5.556991415588764,-8.317923449856622,-9.661815654160574,0.035297600191198195,-10.13282592829011,-12.644465211905725,-13.2800358403907,-12.435999704169777,-5.348464729202514,-8.733730709217735,-8.03389471286926,-7.342782306079907,-6.5099421905482195,-7.242874891610031,-9.131972648722444,-8.56009005765466
2013-10-31,1.4903200839235737,1.2007307639514646,-6.40239107887315,-3.9919336104344256,-0.4163933280481698,4.35386508248589,0.1729690932763787,3.744479393665512,1.3051347388131802,2.364995269171388,-4.060151810199316,4.146728506678684,1.758554792644636,2.9853569772493342,-0.44655021844927567,-1.5619462270481594,-1.0793600431251982,-0.7786439847936764,2.711634235128271,-2.5455242740726303,0.21518785004176197,0.8408988517937428,-3.9919336104344256,2.440087671393048,3.733344291815339,3.7641439439341537,3.2195189423287327,5.377713062110799,4.008951342047439,4.712494635651151,5.116129490590465,4.6962301035939396,0.3816658759104808,2.4154644649856936,4.3066144872851435
2013-11-29,2.2664614744580636,2.7019535240630344,-4.354931126809736,-0.9561726870706506,0.7912228132831504,-0.3201278358652898,2.1003487118006703,8.710394049322964,1.2807466051578356,3.197860852621627,-1.0859542894128966,-2.204497638794305,-3.9789293309553417,-3.360344979769151,-0.16730689616599867,-2.543233986752224,-2.227187229744252,-0.36083947863388466,-3.48255992465766,-1.873279001097579,-2.7531200130537896,-3.118807188070905,-0.9561726870706506,-1.5761155045702777,-2.921764223175765,-1.6058162538739957,-1.5112763839788832,-2.267221975960181,-4.110065994376625,-3.395617631540625,-2.342594056887009,-2.542268851705478,-3.212186405568796,-3.919648159836343,-2.2167753120107783
2013-12-31,3.834607873646876,4.130714194988502,-4.011711998873911,-2.5399982769869496,3.0176690042233374,-1.8879622834740597,2.11488401944492,2.7566499593311793,5.693615881158343,10.11957033758713,-3.780247064063189,3.070790537983743,3.4788821413243056,2.488952805090609,4.3992992560871755,2.950247464007394,1.9988960028005083,4.789801667391321,5.1854801299765825,5.023413410407367,4.5728036447787295,3.5916642919012656,-2.5399982769869496,5.702725251339285,7.924833315452948,6.90590420817888,7.364937233284984,4.466895994865589,4.491197618267726,4.178782846972342,5.7341004688044155,7.183776593280452,0.6504065315560172,0.9265995582163636,6.836892568222835
2014-01-30,-6.983122443873117,-4.9949880736771375,4.242321731711092,0.15361381192959137,0.9218078992863183,0.052517720528349285,-4.660571783308372,-5.019571985186577,-1.2900863437961796,-10.063756221366114,5.05454595639678,-6.948003576635426,-8.58368697177581,-8.97121140328289,1.1936795459297385,-5.421960894024225,-3.7103216825978973,-0.0002194101146508292,-6.673279610557182,-2.3899528522110653,-5.1466950484282545,-6.148084251051334,0.15361381192959137,-5.416039380097717,-6.874027016960804,-8.353027815700747,-6.44746477604259,-5.5100642842542955,-8.099978830947137,-7.539969098272294,-5.782660758716451,-5.5738815613704,-4.63821909790431,-7.772666627493572,-5.098516838794155
2014-02-28,-9.387978076061016,-7.0914184588183184,3.9348466224131724,-1.7514745653659776,-1.2235130533592844,1.9975393828843204,-4.056003145991665,-3.832767546758332,-5.448502337493713,-10.623305548172473,6.717235751006947,-11.458787809949056,-15.474590155018731,-13.711859579561594,-5.37167315411465,-7.576569174477002,-7.2340710199040394,-4.6506525709149,-12.793589148344887,-2.4807181334101975,-6.374378496656932,-10.489102830246624,-1.7514745653659776,-14.251413570455203,-15.964773124335993,-15.719021485686683,-13.614253146806158,-12.263280304312657,-14.636786617606584,-13.28889999577042,-12.458375775443667,-12.141298329500751,-8.460819844207307,-10.63219014442462,-11.976876888791349
2014-03-31,-1.8665712091301787,-0.3312063187373856,0.7603454144549762,-0.014215295385492537,2.6020033267911282,4.874443414350501,0.40146576277989576,-0.09627814954975338,1.6732644190509345,-3.146606952010908,0.2913808449182583,-6.362877545721351,-5.0665331589035105,-5.791139889135175,-2.974992257547333,-1.3164758392287423,-2.1320261236953586,-2.146079408061227,-5.073886793606002,1.3219799683687485,-1.6829103844449604,-3.5613232814885105,-0.014215295385492537,-5.2897717660345345,-4.06511491201472,-4.826344774521908,-4.738839771212394,-5.158763406445126,-5.232280469747633,-5.438472331045918,-4.96121178621997,-6.367628449708216,-1.2800512738936871,-5.368373281321228,-4.979005840183842
2014-04-30,-4.295741231006693,-4.074409039010315,-0.9458446184888137,-3.9981430753251277,-2.006404179599589,3.0567196501611584,-1.029411518235582,-3.4857023871351593,-2.6445297747945364,-0.35847332841491536,-0.22152456973769755,0.5273899181148273,-1.6539517890500737,0.1124209297939073,0.7549692950460084,-3.3870432939499504,-2.3049566743143197,-0.34236765493653704,0.16065145530570304,-3.9350390402084576,-3.918196830294599,-2.6057080514504443,-3.9981430753251277,3.25164867667885,-0.9154236159602105,0.6889644149322282,2.5046458376868586,3.774218592252278,-0.5940597682448496,1.4654443619640487,2.730856447059351,4.809665272126782,-2.3151282486433358,-2.1671529811035253,1.2272555716779225
2014-05-30,-0.9886422725357805,-0.978340312952889,-3.351437620219296,-2.6132395316271966,2.8482463454408804,5.297409340275975,1.9461740940525345,2.8770856243908116,0.6442713795840843,0.6230912284621685,-2.6967648236183264,2.527794845011912,1.0880312988888114,2.4315682861786625,0.14930439983313812,-1.3908290123212688,-0.6093300534769649,0.8213258261796031,0.5612380175704018,-0.26602869275681934,-1.5629812172313131,-1.50349987934712,-2.6132395316271966,1.0086909036749208,-0.8374973775584198,1.155223169891523,1.493157006996238,4.418229745096661,2.1726556031040873,3.9613490991435896,5.031367674743652,2.052652833611899,-0.6517500655107584,-2.012080545193178,1.277792959492032
2014-06-30,-6.682563602981253,-6.9403046094589556,6.254040279095582,2.9498746541822256,-1.4693996262952607,-0.48886178559770294,-0.04973739237568417,-2.935787471845647,-3.1634176321696623,-10.167326894446377,8.368189550539375,-7.932662664785245,-7.576547716506478,-7.050769145595758,-1.7860264062453042,-2.3534828059488744,0.11504000219614396,-0.8121634791244657,-7.056905902815619,-2.936187014642771,-5.873723639884091,-6.554677982253178,2.9498746541822256,-9.584313678920017,-8.422850055442435,-8.096231443910648,-9.037725012719338,-8.680745942051033,-7.614692758868863,-6.9736059126968115,-7.725902199086514,-7.635454273435025,-6.984179861370687,-6.202422662366449,-5.1619700406448175
2014-07-31,-4.982853277742499,-5.983088717586972,0.5421431176094599,-3.3121292281041987,-3.690957839225358,0.9018975315973694,-1.9093239171494643,-3.347358776398271,-2.1126077793970195,-2.34915573856208,-2.060455002386256,-1.0678156906112146,-4.731674024765971,-2.2921622620536315,-0.9316931533524029,-4.985580976225775,-2.722690870565328,-2.3590118880513242,-4.409214068641264,-3.9515353846606054,-4.91348914987482,-5.096508229394035,-3.3121292281041987,1.1599166300001371,-4.648265398899017,-1.470161619849733,-0.9162181166651762,-1.2360556028625858,-4.347942338507135,-1.8139981943736416,-1.9668135349828317,-1.5292265883584801,-4.628716396983148,-3.5830262855423687,-3.1240780904067176
2014-08-29,-5.1222245305311915,-4.055611581551221,4.168056759918987,-3.2177490581302344,0.20979750840549083,1.7920393771424286,0.05032201266088372,-6.189758566038208,-4.357312825551136,-3.1647401854450123,4.27836197322745,-6.559209933186085,-5.557901859426464,-6.40114032502464,-1.7317613104331517,0.7235913925058711,-1.005589138351291,-2.4632053186168217,-4.319260500964162,-3.4445901216868613,-3.5951766192994192,-3.9510999107717693,-3.2177490581302344,-8.260537535324005,-4.5155362064459075,-7.4900168572785155,-8.952967369893008,-5.945066005125912,-5.399651876151374,-5.504132828280966,-6.4293342724202045,-4.44969312503645,-2.7219176786001604,-3.5686811987057756,-3.6402549514573455
2014-09-30,-1.414638476810548,0.06009962630751265,2.2048493061064414,2.209977473789873,3.806199530639076,1.8656609936528823,1.7564627375917834,-0.2951123814583919,1.3133719930982948,-0.800496814339655,5.54556157473799,-4.699345700561434,-4.565470042338107,-3.8390202923057832,0.9295208056043257,0.02916205236382206,1.1121871896029798,0.3679528335861535,-0.6347446519984448,1.2395882929062034,0.2060617511759315,-0.7127905289326415,2.209977473789873,-4.22041934278849,-3.450857929523321,-3.436955959573432,-4.051057171808689,-2.7246072257863245,-2.9760302374158196,-2.143255496399954,-2.5570329003917744,-1.1010091865555156,-0.9209225557560836,-1.2391807971010416,-1.2545060322673716
2014-10-31,-0.8347676440204105,-0.44782246427317635,1.9652969473284079,1.8121177274166518,2.363032161817115,4.235671924628885,1.7730297423162804,-2.8454449915287645,2.6971980022442907,-0.5735592986434108,3.313305564893736,-3.9739275088617654,-2.5670961388173392,-2.5969448568171143,0.1817562112273244,1.3351208965427808,0.9425031205874528,0.6502451524585671,0.042831387496355885,3.369033345950627,0.8393642671420471,-0.045657645277049894,1.8121177274166518,-2.9784519440255792,-0.2858800631155358,-1.2495457768010292,-2.6654421258386645,-0.49704558946646094,-1.627523303643271,-0.8448052656560648,-0.4989082556250048,-0.1541040276039193,-0.0024731794830075197,-0.37282750913873,0.30392818319844356
2014-11-28,2.884937573958887,1.2757098533990898,5.464489836205309,5.463277089794865,-3.3135022966316043,3.7481597305434793,3.800799130911167,-4.05173770917747,-0.877850047431717,-2.07928315154242,11.48087835068031,-2.842058231199205,3.6137227585935756,1.3937477305985397,1.8976124057222248,8.631493248444256,7.439322450026762,5.23903795669003,-0.780446825683276,1.4830102477796028,0.9598617655674878,0.39428265228779685,5.463277089794865,-10.354724800609501,-2.9780383925867406,-3.290860517592535,-6.490144809411736,-4.115070071619436,0.5776487267585737,-0.7345785290128362,-2.2166300422500305,-3.4826738446118766,0.7296393042678022,-0.418063143169495,-1.358219633010891
2014-12-31,-5.305101308443284,-9.453913435507328,-1.9286731056750912,-3.691686861458454,-8.804721053182847,-4.824794026821802,-9.516894965039139,3.660961665157202,-6.947420433263397,-3.4125912215453558,-5.818977944117534,-3.335480501212082,-9.541217812583108,-7.742111392780693,-3.396082746977103,-12.343062835256532,-8.92629538002108,-6.294200981202396,-7.033194630038106,-11.5025976955967,-11.307947941375879,-8.919742304646626,-3.691686861458454,8.680321450475429,0.6009296714534046,3.1668962600656743,4.843245094031218,-1.0265034867330949,-8.055148248350312,-5.105697959028874,-3.4243917540479014,-0.9550963215742732,-9.86693822465741,-6.281787863244,-3.296136905745636
2015-01-30,-1.4211869604386298,-1.1100057343217973,1.36734701254174,-0.7396470481501893,1.3951826899234914,-0.8333728518423256,-1.6358833402884376,-1.6306234201815026,1.2533829488674555,1.0387689174933643,1.8900043689922328,1.6549263384783348,0.31813297339740754,-0.07112018805589235,0.14857744904477174,0.5193199944809057,0.051491339889912426,-0.05280919527222942,1.6205570982994217,0.36503897277941305,2.243574319876694,1.3810564054984231,-0.7396470481501893,4.130082736271487,3.494622979067534,3.866745967021332,3.9606919506375857,0.32161136936168966,0.9585688996511091,0.31028308637913354,-0.17277291285778149,2.5753490491426656,1.73314873695731,1.0506133451634814,1.483733753182174
2015-02-27,-2.3242814831210676,-2.0235994654389313,0.20953625966767855,-1.8771134948182067,-0.3082754447470421,0.7083490385742515,-1.2737742633278628,-2.67843796776441,0.3787727053014462,0.6063036636676262,0.5673326166171767,-1.9765238083680354,-2.0915713569941707,-2.3229181152155522,1.386163663277553,1.7899676260307293,2.330456452349992,2.5359183020381506,-2.6046925222626505,-2.1598468658776317,-2.4556742813946952,-2.3724020198979896,-1.8771134948182067,-2.00800714562866,-0.36983666574178187,-0.5787959874481464,-0.5730528609248486,-3.6204078087255605,-2.4810025851671798,-2.565536062834434,-3.2750043067236208,-2.3619157221416938,-2.7670516754610697,-1.3995356441912512,-1.2996772178599936
2015-03-31,-4.004847018914051,-4.718244845147259,3.5696407526864147,1.0398578360721942,-6.0098443679145905,6.747456225953508,-3.866081909264996,-5.183585276433424,-1.9386949115022487,5.816509550194245,3.725864822631432,-3.3434680937618646,-2.469535429903657,-1.5022945757514696,4.162406847018179,0.31948262723939463,1.6065206578509625,4.712385937049844,-0.5850264593077358,-2.8742953140686147,-2.3011266428951624,-1.1906461714403676,1.0398578360721942,4.316561931357089,0.4965271582416704,3.7291643554630594,5.64714075044725,-0.45715493338984625,-2.296118112574813,-1.4880053203737387,-0.3407636193981324,-0.37859609864259564,-1.9252503157082972,-2.1122277707802914,-0.3113689428219795
2015-04-30,1.7535712032846085,2.4654872008424618,-1.823864637311962,-3.7496438427784717,1.9486874751877967,6.709205139991082,-6.001892835980806,3.9195710408972286,-0.8127918395483177,5.519630429205494,-4.385908795695291,-8.814596578863634,-9.576359157483415,-8.780619702439846,-3.5936742663905985,-5.008142669172119,-3.905271467224006,-3.6536208108410375,0.6645039477510953,-0.3423658639948032,-0.5520312899247285,0.21470221323854008,-3.7496438427784717,8.579821229475368,5.349134483196955,7.822773184026452,7.63083806115705,-3.5393986775418917,-6.145260137102485,-4.6439157352321665,-4.41868237905883,-0.7447638777174297,-2.3008160895778462,-1.0130709185853066,-0.8326804967662975
2015-05-29,-8.523303387341736,-9.31170982464011,5.482326334653578,0.7544967939211513,-6.402183671748325,1.392425744463884,-5.659140206381861,0.01986328953752411,-11.36635512539089,-9.662981741169833,11.824270943078142,-3.1618106082690596,-5.870792733866183,-3.3256927091119857,4.963436710331137,2.6659803753889952,3.518462007058552,4.287813394335868,-12.684609486056107,-9.55395795738327,-12.885769245200384,-13.112418472206672,0.7544967939211513,-7.066438525090057,-6.036478626952397,-7.739696436487478,-6.178380680054349,-6.772151241827342,-6.331733221729984,-6.42981696039213,-6.505848407585237,-9.78397645160623,-13.218610253760577,-11.831456522590628,-10.548948368309226
2015-06-30,-5.590381618352507,-7.261001732904263,-1.5930084388475776,-2.6548529473844478,-2.231611455868853,4.0290561592897225,-5.905558444975678,8.270138419336652,-6.064141654961182,-2.193471726113985,0.33979951521281726,-6.695828895432488,-6.796481282607003,-6.334725995140774,-3.495417736956658,-7.459055292756486,-6.2793299812853896,-4.592970118933921,-5.656712503625571,-5.533837296927923,-8.088126632347787,-8.359721295081204,-2.6548529473844478,4.499418578714029,0.8996684680410271,3.42673529916201,4.005949026713879,0.29978340850186247,-4.007936751624115,-2.717235668196367,-1.101735075659716,-3.236843517659027,-11.058021057362298,-5.641796596356678,-4.274402601605751
2015-07-31,-1.2267945083474263,-1.4813547772998492,1.2559814476433708,0.9940319022922256,1.2763621196328756,-0.255627873125481,0.5338662985880442,-6.346571670322949,-5.713910598733313,-5.111520701736395,2.481880267142654,1.3504452750694822,-0.9987732039471034,-0.38970675345235056,3.8571534354301615,2.3323449377029637,4.683622191019513,4.563048928278385,-1.2806895601962198,-4.792773757135599,-3.167643017042845,-1.8501226154383075,0.9940319022922256,-2.68765005457236,6.258767926989177,-0.05753455771235035,-1.7013491397313234,-4.590602123933516,-4.3779861483425995,-3.2214284716974424,-3.5890240399684123,-0.8055382861249172,-3.079379080549577,-0.8762127455907163,-0.320084968925283
2015-08-31,-5.79122306131167,-6.667194872520004,-4.140615955497553,-4.680341731736933,-4.385187555597319,0.05306737438904852,-7.027120426536173,5.072855719547195,-4.701913758507493,-1.1105945212097277,-3.7341867560854385,-5.0044598654615555,-2.0326540406506908,-4.754262676310883,-7.588670204216536,-2.4138777533001443,-4.675493219750321,-6.014332289976349,-5.47850596365281,-5.012158053892066,-7.5211559245406185,-7.23342572946462,-4.680341731736933,1.8809877154453596,3.03034540877439,-0.7882383620115468,2.529907958633917,-2.1346561914085056,-1.3083390397451233,-2.6288178455327573,-2.9972886147404756,-2.6882395548063434,-6.917052294215956,-6.56143220857934,-2.9798562769815087
2015-09-30,-5.262577605524916,-6.610380524307928,-0.4351894711372248,-2.0527757197536594,2.1871862809314573,-1.0470756537552464,-1.6720284498292108,-3.5753489036619843,-4.800156581537669,-5.33551894647614,-4.064899461290936,0.7623473997991933,2.5574212911088647,0.8459023367198304,2.0045445973760945,3.136643814492678,3.345946232882267,2.0521940013266176,-3.8558668257229938,-2.375576678608324,-3.9783310022601723,-5.07179028814751,-2.0527757197536594,2.8835579503107693,6.737152692402528,3.8962839422557063,3.5211237238724933,0.5669741748546072,1.8495769555971495,1.7653056627573482,0.9166263873377628,0.5642029579598098,-3.522809030801398,-4.514953468454813,-2.0073983955073165
2015-10-30,-0.8309397872806602,-0.8333255357510184,-1.4362475948318532,-4.816410824563415,0.2923335916174084,4.669408095277058,0.25014852700300655,-0.1048255788466636,-2.634201742772679,1.431452938780594,-3.1046313093247164,-4.175400016743323,-0.9654499591256166,-1.2635998856600064,-1.7389796831126696,-1.7021366918446714,-0.8335853790529824,-1.3385274318196247,-1.1649770864724704,0.41633399308834257,0.13104394930115615,0.18024589002560562,-4.816410824563415,0.46978981974573014,0.9996247846919454,0.22419783983016653,-1.1825615516567298,0.12125784850178029,-0.34655777421062256,0.6634927338134984,0.533220532328513,-2.515380149849605,-0.18188784262103028,-3.0805987798074086,-3.7673363176535246
2015-11-30,-2.6071967613689098,-3.95210947342742,-0.12954651202546952,-0.4971303518290079,-5.800576039973339,0.9209747786734204,-3.972500471366584,-1.0793891603882604,-6.020799534240337,-5.456164084227775,2.140268807589291,-5.215555098360711,-7.744945422409074,-6.223467585573813,2.110414494629381,-1.8846126489447594,-0.13548281190578884,1.206254477076015,-7.499161237149371,-7.609940774421331,-8.10618435634263,-7.052399807657164,-0.4971303518290079,-6.538416435712537,-5.440182568834311,-4.449956813477622,-3.7035920905094217,-8.172079228103907,-8.17157879724625,-6.6864072772715755,-7.468682887125404,-5.364727902868587,-6.830783639547706,-6.139169679031345,-3.9884193498914775
2015-12-31,0.4087780170402418,-2.1167001426323164,-1.5413195491385787,-0.6892758790615489,-4.655297541488173,6.302962677900454,-1.898973556741959,7.922431158074166,-4.579949977448384,-1.5085956708358672,3.830791740501074,-5.71287143807039,-9.328391241036334,-8.928764896117166,-3.6477077038222707,-4.784721608506683,-6.8030244514484215,-6.488172046722266,-4.226055546508992,-7.949106878888939,-8.087301995129696,-6.406312292192126,-0.6892758790615489,-3.545171721969133,-4.849813829128898,-7.61638713218929,-3.2293395085148333,-3.698380195241809,-5.27923273947475,-5.351921266351969,-5.297434748617714,-4.426143311048185,-6.432076158237122,-4.112605974773522,-2.4538536964016826
2016-01-29,1.2968664261546972,1.2464667465733137,3.7060009355017325,-1.164575272211913,-0.038740238546833505,0.6060064707173434,-0.9159608448448068,-3.395226615383065,-1.1760405688422135,-3.793163052068135,3.9155491134379705,0.9826629771767055,-2.1580820010662927,-1.1447782998396963,-0.28729152218327525,-1.8899203685771935,-0.7997087848297304,0.6779971948541234,-0.06442486284782485,-4.589278693024978,-1.625416579744657,-1.1543055073482709,-1.164575272211913,0.9803236142602324,-1.6998469819614666,-2.277018397976524,0.708153486556099,-1.7029449972065065,-1.9740587672980516,-1.4099605502378603,-0.6602714126948164,-0.4541182868124051,0.5760622970573859,-0.4674718240378659,0.2940916997273929
2016-02-29,-3.6370033330914704,-5.571639290115312,-1.5630770705285701,-2.6910300651535612,-2.5316945027522593,1.4669875311654852,-4.402510213099913,1.2352761660536775,-5.2065284060755905,0.4503674130609941,-3.7579909042100144,-0.061067334965886885,2.7715439176656895,2.547631558884931,-0.39123249168546387,2.7058409222853794,3.828507510690749,2.8358999017691007,-4.623923210048997,-12.79375346635814,-10.939826880976225,-9.001602714865557,-2.6910300651535612,2.5125253525972635,7.097055393390299,5.098186324615278,4.066682718913768,0.863140018631491,3.2903391577682872,4.620530744017062,2.92333045827352,0.14805767982187767,-6.952581483733168,-4.082497943142521,1.567727020935481
2016-03-31,-0.45624661480311596,-1.902833760275999,-0.457849020293281,-1.763867967020388,-1.2150305741289433,4.271048810095444,1.1973460066363206,-0.19448046121958817,-0.9319493685412195,-1.455720076103817,0.7785028597274489,-8.062716510607034,-9.813046498482665,-8.052587039449051,-2.488839810235585,-6.753479949558581,-5.236838061743721,-4.169417579711498,-8.662372784932618,-6.882345637307821,-8.333039930389655,-8.64131909257455,-1.763867967020388,-7.71779440718704,-7.284814629498658,-5.944635133297952,-5.349738530610024,-6.992909555177832,-9.289650008068186,-8.582314694345493,-7.524536224955406,-6.988907676346178,-8.058509178112804,-7.738711254937137,-9.102187503500257
2016-04-29,2.4318420710913324,4.218501670333153,-4.056753755768007,-0.2554516233986039,3.555664336449236,2.717628130364645,0.8856262107154947,6.793844646576581,2.9927210985368267,2.3376171720678323,-0.939792619763907,-2.7831276449290137,-3.268068467679415,-3.0301827437521776,-4.014602120717432,-2.461926994383521,-3.719415260968545,-3.5514415088724087,0.3258328605577435,4.428837590336852,2.6921771968161776,1.2311911687265793,-0.2554516233986039,0.4407734053644728,-0.42126037165820773,-0.574220106223766,1.3577905690982823,-1.2244136465600743,-0.9653072706350678,-2.0128840658972567,-1.4305434656460552,-2.5563163006520107,2.1488331001403864,-0.12966421149595286,-0.06334092175743981
2016-05-31,0.08893431870047971,0.7465435613647191,-2.6080325615296927,-3.879339131079246,1.0775285564952046,4.0326992407139555,-1.1958398280690592,4.828306357585605,-0.7600964617182475,0.948963332337018,-0.9358837322572084,-6.561865242554387,-4.425632673246409,-5.00355146975503,-0.19715789334830536,0.09934219446735228,0.38117766816421683,1.4512367938939115,-0.5667218771106355,-0.09454985056032761,0.7654100184993096,0.14579245475541078,-3.879339131079246,-0.5184057762854523,0.7310473709886044,1.8373840494211826,1.3812812207184062,-2.253733501155206,-2.2971295691954894,-1.9076849231428845,-1.2519119564322578,-0.8310780430002476,0.6178861590001506,-1.3322849943155486,-2.07627040128463
2016-06-30,-8.292668796749062,-8.452068854168244,3.0755694367202997,1.9089741575952102,-1.451386404170829,2.729654171038523,-3.818884391117629,2.6888641722621758,-2.3177582633344396,-9.486914054358753,10.378436073794408,-10.582728817575068,-19.13209971269385,-16.02903257268024,-6.783051608483633,-13.637032808009444,-10.751411373195602,-9.012658867314947,-15.051941783631372,-6.06984374995507,-13.248167289436669,-14.845101392021565,1.9089741575952102,-8.642478470439992,-16.829966193622433,-14.506055736283264,-11.018070192783206,-12.806436818750464,-17.760508672194373,-15.730310977599643,-14.45574087286054,-11.531926988099723,-13.960050564173795,-12.38963186961195,-11.108733992931224
2016-07-29,0.7357933784144849,1.9249442639765322,1.1873943533254916,-2.1646207911986366,1.6996849689644824,3.556364242522513,1.9641133574699459,-4.858531537727228,0.45064657722373014,0.37811653766034714,-1.4708100067369416,-3.685853380712464,-4.56716448860196,-5.051594349095507,-0.16179355705810816,-2.2906584062649293,-3.0986683941260664,-1.3493346474355916,-1.446954162354853,0.0716222293719904,0.2323004039687343,-0.8057304082337712,-2.1646207911986366,-0.797062402880139,-1.1279032637124256,-1.2027028006553853,-0.7861639565095448,-2.8858997939345583,-3.746315841514848,-4.106430762207983,-3.245600343756517,-2.512032743892776,-0.0831853514344077,-3.767522499280967,-1.9621260098503344
2016-08-31,1.756032336066801,2.786757262386595,2.2249330601357338,-2.7015614093786064,1.7471621265479902,2.3311503099975552,-0.7743798007154005,-1.7027251852401573,1.771523725208074,-5.3540819165677105,2.817783822360015,-10.034650427891487,-14.728670948872459,-16.344569039821618,-6.404388136803892,-5.869108832420559,-9.657363851811496,-8.86657195091468,-10.439061802762815,0.4640639524278935,-1.9885189306105195,-6.606540698760958,-2.7015614093786064,-12.511446019007476,-7.2154029869884,-12.676065267458318,-12.913475866369588,-14.75951010736947,-13.969436238963144,-16.908137122974875,-16.20707555715887,-11.94058638307337,-5.792240326379797,-9.728727044746003,-12.874855898277833
2016-09-30,-2.464518436240137,-3.2950445099554835,1.135728138546492,-3.5201928279046166,-1.4209410456393539,7.681641802064455,-2.0476335301009625,-1.8674934585272742,-4.015868711178841,0.8246276311284279,1.6137383949355903,-4.742048203992268,-4.648632231344651,-3.7432047638107186,-4.164831090291179,-2.9634072428030183,-1.9422728581063096,-2.3638662788887026,-0.9448466442928415,-4.034080414712813,-5.26953082372948,-3.4210663516238413,-3.5201928279046166,0.08630962683327285,-1.0817426453830676,1.7783803484700977,0.8313474437121651,0.768170581399485,-1.1818148104704456,0.5431313755073793,0.595208330351576,0.8289121468538099,-5.9661658882788995,-2.4106798470837645,-0.3595824084789951
2016-10-31,-1.854117819066481,-0.16981768885895868,1.201731039881476,-3.410875717768034,1.9126985822454883,10.429783812459764,0.04263253981735617,-0.453522467732872,0.9492698976795647,-2.285364185193107,4.867854123323726,-9.951045783376026,-9.951538647284123,-10.67693598578236,-5.5457367257155035,-2.786553662209902,-4.353064811648583,-5.839368320013055,-4.184018480230514,-0.5171654700620872,-1.5123359345632723,-2.726770557662677,-3.410875717768034,-1.45638979224875,-2.8355069812869016,-4.725350944419002,-3.8263291362285985,-5.768079957463346,-7.0244812132172125,-7.633407382048956,-7.2376992218733545,-5.2767978943907,-3.370296232807186,-4.628846941809754,-7.093381072082176
2016-11-30,1.5401836184910989,0.4736585946078919,4.642893706152447,-0.06846536950932111,-1.7315023371080802,-2.7263022125786254,-3.2624705395586546,-3.3059753668892187,-0.5963882029357641,-1.2680666493836916,3.548159181026489,-12.022707375528462,-13.381627943315976,-12.42904402022765,-5.5710596036116735,-2.337352238913054,-0.41005571182950756,-4.221215221444247,-6.276286720646515,-3.7462686075953333,-6.0383399985285955,-5.352001046550128,-0.06846536950932111,-13.730592459509392,-2.5510111541910563,-3.3735499015725603,-9.518963842825888,-16.046860910392788,-11.244403355383893,-11.129091981079542,-14.458279957278602,-8.247756880597283,-5.883617168499895,-3.0622161829566124,-6.911006107763385
2016-12-30,-0.46099193224538026,-0.103368490644179,3.498087056632575,4.230749191665198,2.4002110773358343,-3.3195265285360525,-0.408412071826948,0.9033866230588199,0.08761265296400336,-4.722718009974616,7.114443668901462,-9.291677703617156,-11.650140416384405,-12.441738052177278,-6.296525818399346,-2.947809666419998,-4.559495559553322,-4.619502633301371,-4.654525442127052,2.5607120064072055,1.0783973756892984,-1.890820316356044,4.230749191665198,-11.307135586436308,-8.455043779146141,-9.29506584586243,-10.0955188032802,-14.01153130662031,-11.746345844846438,-12.519526147382841,-13.358745384783427,-6.0182389041814375,2.0459347371804895,-5.768954608638785,-4.650280204585114
2017-01-26,2.040469321972159,2.639276663882449,2.8709149571154415,-1.6523238807443583,2.692882065269429,7.075899303019038,-3.4941878736618373,5.40355044455339,-1.5597336261236696,3.027566225159376,4.554214669864115,-12.426568835809455,-8.132906441598315,-9.297617134169863,2.8038701432811965,4.169364978760544,3.4400713581687654,4.354692420449749,-0.006758336135674529,0.8178529037185771,1.3422807806764394,1.3239537408152708,-1.6523238807443583,2.7258892241229877,0.69494512361341,2.5081948477565934,3.7674418318464724,-3.1645482107046337,-3.687269346487366,-3.2693342171129793,-2.912540779859109,-3.1305265453812208,-0.6182331464915553,-1.4674933280239322,-2.684253871910585
2017-02-28,9.377909461255788,9.047392324261022,-0.4324165209518395,-1.0376495542491557,1.8576507179658424,4.4802928693580375,0.8282637642001246,10.42700084099038,0.05770245871742562,8.575962951257264,-1.7760322115500302,-8.087299908770785,-4.0937711216168235,-5.737306702215021,2.2526752611159386,2.100867786649292,1.4467239710146265,1.1683329094916726,1.5150519993120508,1.691918075741291,1.50845975295765,1.5356752611529374,-1.0376495542491557,1.209177601910163,2.061932961736016,-0.02387548841778549,1.4087999891473784,-0.6776173551324902,-1.6489163391168515,-2.3135437726843366,-2.275454667094675,0.16775573859644163,-1.271527421621706,0.6575715033546539,-0.3437375407546995
2017-03-31,5.750966132630548,5.516550470135803,0.3225606039467277,1.4408009168497113,1.645237071862215,0.7942165848305279,1.9488030703761563,7.174135401584296,1.9710654800416132,2.103263005900334,1.7046918301723912,-6.965995915384418,-5.648448255203145,-6.752713253328128,-4.894875547072757,-3.2251280490976586,-4.536850185190052,-5.8028855531257095,-1.4435745697312146,0.9923986820867132,1.63735948910324,0.6616565674063286,1.4408009168497113,-5.895082831634518,-2.3559262070791664,-5.241387354422466,-6.291942880504939,-6.20370373252125,-6.10918180110628,-7.5289709660988215,-7.590009502839629,-3.919538992176731,0.341137124600168,-0.1712073407028165,-4.1987758589441615
2017-04-28,1.6499928086248463,3.0663661535655313,-1.3828352200353131,0.27704119055785115,3.756819851966098,6.398748095824658,2.632111138454657,6.739519157027727,2.5106497542840827,-1.4503491959186776,-0.16065280752809544,-5.902388312578214,-6.646581361026446,-6.754269435472369,-4.949925570700586,-4.868116713074232,-5.637361031721102,-5.2007406927175985,-3.249068326702793,0.7176738505518891,-0.0872192685170489,-1.5915314591165728,0.27704119055785115,-6.01047225435395,-6.074719465076519,-6.7979915087340474,-6.51620227746417,-3.933385229320156,-6.320872077302602,-5.973777173479949,-5.110258320176568,-3.657004994957203,0.5296844475128178,-2.806122964065485,-4.388420956065996
2017-05-31,-6.052234047652086,-8.916708632350922,1.9792102548089552,2.462259279834633,-7.086076067336272,-1.3991584546342277,-7.281438680813131,4.224039460172089,-8.497062267653122,-2.9092843676649123,3.668002245510297,6.280884800444866,2.182670093658122,4.727909000910438,4.528869171377129,0.5478352770867283,2.41140526242057,2.4198033088473214,-4.308490180439681,-10.756828278246894,-11.153037192645794,-8.715334064865015,2.462259279834633,2.583149193255549,-0.7527847091197837,0.9655394330720197,1.6750778213723851,2.0080098159703907,0.10014531606447932,1.588097934174205,1.8429908369496806,1.3131321848391253,-11.643044169813441,-4.880393203171797,-1.7839523098466599
2017-06-30,-0.4864978129740052,2.9656912003627403,5.841076479052273,3.853641471560297,6.119216167889608,-8.26574505631305,5.226422866044536,-1.3876609336768915,5.994132605431391,-6.860135069810346,6.532215336097218,-2.135527654461958,-6.6273307846698355,-5.75591856472352,-5.449297350083615,-5.288746385960205,-4.736944459506836,-4.669804273109557,1.6730858998789626,7.877973240028205,5.253567060040055,2.581008502555231,3.853641471560297,-9.279120706158716,-7.6046302760913065,-8.247332897597744,-8.247529065774028,-8.693600482568959,-7.3035832148855695,-7.243517269626384,-7.604709306257437,-0.10549944721998056,3.3455892251750603,0.6610198040029698,1.525875112522239
2017-07-31,-1.8263826325629815,-2.3333999900978375,0.7470961111563169,-6.430857313164535,-1.9294552911646772,7.006825258344778,-3.1485559672376775,0.33814075096308094,-2.8773895605713067,4.420177033206633,-2.0365439994177446,-3.05150672780838,-3.0540237168413626,-1.6039920081626797,4.274977849403223,0.2571825064692753,3.541584420702083,2.82006457394081,-4.223269993404056,-2.434894333415487,-4.925957384344144,-5.195087248075492,-6.430857313164535,7.511143733385176,3.494375105814033,5.9090639376549206,6.424334056937627,3.160171060591414,-0.2607716179408923,1.413196954387216,2.32905470142198,-1.4829906829260282,-5.855425943843832,-4.223765590377993,-3.0569268017865263
2017-08-31,-2.572836661715604,-0.267457278150126,-0.32693467236514,-1.13820201787696,1.2717119584122387,2.135160807408838,-2.3193511817063053,0.42257136571045595,-0.17515520322016392,-3.876371324849999,-2.4635098414087784,-3.621023913345808,-7.5503851078004995,-6.1162793725657005,-6.021684310975203,-7.452921306876683,-7.359038279879796,-6.608492246710804,-5.504012975773953,-1.4284230752013107,-3.5653752768923903,-4.376103016689095,-1.13820201787696,-2.4098533025116193,-4.5842233244311315,-3.3276642321901657,-3.1949948535128585,-3.0009591338414983,-7.148337142603692,-6.099894925705447,-4.439803948608492,-6.2937896666947495,-3.593720000390902,-5.139263517743095,-5.917289565813457
2017-09-29,-0.6772968521303732,-0.5430427441536538,-2.051551007495046,0.427632131031527,-0.5218743778015785,11.561443758436454,-2.2686109778247197,12.036167791852504,-3.176730027497975,9.521991121971501,-1.5538217617396128,-3.1658197179267127,-8.412218965603095,-6.175696542791463,0.802093903332191,-11.515675812558703,-8.785983517219867,-3.1581105573030586,-8.309116964251501,-4.349253461777829,-7.166982921374672,-8.99130300547545,0.427632131031527,3.028203711520303,-7.528179900152355,-5.572136233917178,-1.4488471874856572,1.924880826058695,-7.651260328675533,-5.3430667809669306,-1.938473448380914,-3.483161853884489,-10.504931113099518,-9.56373482280861,-8.16191505913881
2017-10-31,0.3692918736228289,-0.16082548099393515,0.3474776220150837,3.450392689991668,-1.891092008729016,-2.4514285529399107,-1.4980226393899385,0.04737538950321803,-2.0819043710375196,-0.21578741205351354,4.850503190528577,-5.233018492854524,-6.491516075638557,-4.88254401333604,-3.772050531171258,-3.1152237200785535,-0.425976532597862,-1.6226265936590585,-0.9216702965194695,-0.5669310717529747,-1.3108108974645556,-0.6046596919458785,3.450392689991668,-6.563390738613868,-6.8863829001372165,-3.727722112037594,-5.520657652269657,-8.148304557906293,-7.117509308536613,-5.864137370866217,-7.024738538744469,-3.468844941935467,-3.2806327246074543,-0.7651936882303587,-1.1485460140024342
2017-11-30,5.081784523367169,1.9512396266180645,0.9692875242578745,-1.1598921202977654,-6.812205379984928,3.8658821371465715,0.962699302384753,4.490288029604994,-0.3530851458397041,6.363714052915511,1.1425064609564695,-0.4841732447204603,0.45102268373092896,0.3150599642663782,0.625838508993611,1.8636663898611323,0.8396865634480383,0.09263804668584544,-1.100041007664826,-3.251203697987264,-4.26224457047971,-2.3760847093973783,-1.1598921202977654,1.8821973143159199,2.2221878084796858,2.2188344723204825,2.1758925246672884,0.17600404773939216,-0.4789733891576084,-0.604332811663763,-0.5240275160636753,-0.6582432915719193,-3.0346140803868478,-0.5719741970738078,-0.142743746041722
2017-12-29,-0.10300114357128783,0.01338210767155558,-0.24787009786493774,-3.303229292778686,-1.0599238573397964,4.1420203980301755,-0.5368440212400661,4.861561108010692,-3.1758211146873268,-1.187035082844463,4.233996812597575,-1.7655325713557881,-5.141198419954932,-4.168645966568324,1.629953271168778,-3.559233979676453,-3.8502747083610687,-2.3952504547286173,-6.850109627319447,-1.6248168760812376,-3.417895719751176,-5.418304610265747,-3.303229292778686,-1.5279880424322532,-6.284515537399954,-5.793368066024762,-5.3566611068453005,-1.099467596923792,-6.372105992697188,-5.279766730869669,-3.8841893355810897,-4.310635081687145,-4.19391622505912,-5.426139811281119,-7.0733178392318115
2018-01-31,-6.716641657147427,-8.192551570226934,-0.022864641929539863,5.898327837262378,-2.5595856330929525,-9.484071680551398,-4.633704697820775,2.295303620272192,-4.986928836867842,-1.8733778646130483,-2.860967883512145,1.6595110607500985,1.3728847376390587,1.7806096620926326,0.5081155044820547,1.4334824858681952,2.2155637356509144,2.3148203698545626,-3.2580215986577006,-4.543822392443421,-7.488912474607072,-7.076538647366854,5.898327837262378,-0.0718962886407869,4.504844988930324,4.035044318472447,3.12507450737803,-0.7185915965342092,1.2428946346470355,1.7277422769226538,0.630689505254814,4.269121426145394,-5.887537775904596,-4.292087721006115,0.8609349620624956
2018-02-28,-3.4432718989385216,-2.523855663142798,-3.6429681291137808,-4.592458472730566,3.1907630187745837,6.816517067950836,-1.0988627913172997,0.9113430893320402,-2.95513530323368,-0.27054810183608086,-4.2371787388326325,-2.489111646585243,-2.2744700907859983,-1.9054961722958144,1.0267472374283677,-1.3149131642983054,-0.49724791138352764,0.3612829866728101,-3.648125926662928,2.4276099640484303,-0.5934892323017088,-3.039840282414599,-4.592458472730566,4.1682359829151565,3.0050692640741916,3.0216130756732844,3.5821578176801636,2.1939321648575407,-1.3905003052357057,-0.22568655989837652,1.078255869945589,-1.724019979282108,-2.2243025188370837,-3.4257674920386862,-2.748924813128964
2018-03-30,-1.5746004057265193,0.22469670071662057,-2.4320335454404756,0.2139328163258888,0.808398421695065,2.85479401612387,0.5074723620573768,1.4747704439745881,-1.515877430468324,3.513401064005984,-0.540721149329293,-6.031043805929826,-8.851865534298515,-6.772502697941172,-1.8617127997534066,-5.25974636002313,-2.3610162096166736,-0.8607236965279845,-3.3809129427910127,1.659529671344773,-1.751221230225742,-3.2834402521575696,0.2139328163258888,-3.3230809844384925,-6.894299650046785,-5.701839748170682,-3.856310690079151,-4.048901132731383,-7.361876379665363,-5.61356984899641,-3.9882917688767403,-2.7380810533991005,-3.9392370031353683,-4.296372901383737,-1.1683423022567243
2018-04-27,-1.4722572613289169,-1.4454568119918154,-2.1103762108818716,0.461742681080692,-1.4271588506261847,10.93704628018057,1.105637250123969,9.55861905059625,-2.334759363159499,6.560278718993494,0.09671395179579101,-0.3768208243754114,-1.6001770430980116,-1.1751022899363288,0.03370380069605847,-3.2137542354019812,-3.418526941648208,-1.2935225216673725,-2.655064352794625,-3.9389485285917933,-4.086709517084474,-3.05303128006298,0.461742681080692,1.7751936519604055,1.140882600477335,-0.7186556717290502,0.4847489776390072,2.1516015290616517,-0.47317084855523195,-1.0715854587544051,0.17314368356234033,-0.9740488263560466,-1.8159402763649397,-2.439691067373811,-1.9358714109270632
2018-05-31,7.626710853976999,4.3264022644668145,-3.202201979320601,-0.1158404322013546,-4.049039406647238,4.719483142952098,1.009189197841287,10.828313123039472,0.3759903211721286,11.326627388464967,-1.9464910829737077,4.768816363349483,5.467229282206225,5.000793379251896,1.8681475845460949,3.386157040422067,2.849606489210442,2.250852197510038,5.997281393621599,-5.195511725883872,-1.7188898291782246,3.6083847771041797,-0.1158404322013546,7.198583328066483,6.362761037766062,7.249595446922157,6.864502663744748,4.539100584131364,5.982353289490655,5.725990732948377,5.082661547232451,5.718846105756914,0.4727361008099486,5.769248678390352,6.070639213666131
2018-06-29,-4.017152257426365,-3.154354470800256,2.298321372684669,-0.6659857125795815,-0.9631061911185161,-1.5135758562797386,-4.0318700053733565,-3.502571409088302,-4.952642959699318,-11.650172958446598,7.999087460210874,-8.355844011977297,-12.108586142609338,-10.909416835935625,-2.2398240073100446,-5.492128402924596,-4.082380541779595,-3.306950473534406,-7.217866068231587,-6.604059309280488,-5.507890333665918,-6.536461200226893,-0.6659857125795815,-8.458929336601495,-6.576506550926292,-8.800762862952862,-8.217387568670068,-10.394418875766132,-11.513590100988393,-10.990777652893874,-10.998105450824513,-5.948440505933335,-3.7315966256431974,-6.305635700275787,-6.722187858691069
2018-07-31,6.41202875192492,6.9227589735527255,2.3151330904311385,1.842137233148766,2.059592729790938,-1.551345151016069,4.35864767626285,-6.459589545654639,6.159685077150827,-1.9051177469138487,6.468842511116073,-5.731877935809975,-9.523669258328361,-9.74759238672907,-4.800911733997142,-6.50574870373846,-7.822737219470394,-6.884156141124234,0.027098980511066094,1.941628925823084,3.2530365258461775,2.0725633015610927,1.842137233148766,-9.61825692091709,-8.631278781097313,-10.90255217381201,-10.058979993850503,-7.689666162596741,-9.282846295511131,-9.495150067680722,-9.184769407369524,-2.0288854339535307,0.40909279896153394,-1.4813066613956465,-1.166258106199296
2018-08-31,-4.992483750929,-4.552816952970282,0.20308036801534998,-1.2754264061403644,3.153456356744921,2.3838837759761686,-0.5466867278737247,-3.651966947066498,-1.6094711893882905,-9.94351703610504,4.625415690784836,-6.0828669676759555,-2.897236192450886,-3.6954570894806498,0.038590615387408225,2.9197888112566,2.6375395550987704,1.7488797710278845,-8.140710559052517,-2.7811278629755027,-6.266749175593364,-8.550463985425628,-1.2754264061403644,-5.13707694952324,0.0912442219037178,-0.4507870275426679,-2.65319441297661,-4.9571844905408575,-2.248116149790269,-2.599426108247114,-3.5074510388212894,-7.778887861379966,-5.841240153239089,-6.153669571796582,-7.072259434268842
2018-09-28,3.0813595359605466,-1.0826622834073742,-1.4450529369610676,-4.090927541700969,-4.6559112999824315,5.833570062124721,0.9100773725112957,-0.510029106845253,-0.9009308261095619,-0.5444214099404444,0.17374689198322263,-4.737942900310934,-5.445683857704017,-5.581442080721925,-2.961865220449227,-2.688596488352972,-3.5447326642224466,-2.7071895080438266,-2.3935525330075746,-3.692173524575088,-4.525541659599802,-3.6985187954020016,-4.090927541700969,-3.3769811373570557,-1.4487273186057985,-3.0902278546593585,-2.523554759801431,-2.429656617940159,-3.703994430940552,-3.543436794036208,-2.3521306965676927,-2.098494241820514,-3.9047222209002537,-2.248906367695735,0.15384417299568362
2018-10-31,-4.718513260801802,-4.743994230955549,1.7024330948527995,-1.9269132691895219,-0.012180011152718075,-2.6268183155683267,-2.1125451722666124,-6.656863743756501,-2.8661608460139902,-16.16431165486895,1.8350150837036179,-6.932086001498505,-8.417400046090263,-7.508175717827684,-0.8723460675199538,-2.788162607875514,-2.128641767708792,-2.6200704682294282,-9.291418941023082,-3.907596929612801,-6.050663499971963,-7.264186576945086,-1.9269132691895219,-5.9432801690744315,-1.8028650078614534,-4.137970363625713,-4.814388384358772,-8.534431190762966,-9.4299116400707,-8.610376730439636,-8.64400502196252,-8.302441927932732,-7.182523422428252,-5.508100550632527,-10.212572681304179
2018-11-30,2.295823896275329,1.6169273343884571,-2.880733584292016,-2.720735241078788,-1.726180571047176,5.230652065065899,-1.4699099877163353,3.497743641605986,-1.6673600335428762,7.747080538446219,-0.47834243990519226,-5.828678405820946,-10.611065103863481,-9.285578175724758,-6.1391686925149225,-8.93791167852794,-8.403622546406433,-7.392674620249895,-1.4071003429459348,-2.3151593755323794,-3.8477754890425064,-3.0202573319938835,-2.720735241078788,-6.818617238253759,-11.325621534131965,-11.629998889607762,-9.222878614883237,-2.6975171236217657,-5.192812735829873,-5.694720903510191,-4.896232727692898,0.4430588548779826,-6.558410819780583,0.39849568827157766,-0.03433220995569595
2018-12-28,-0.5117947622649481,-2.6454691486782447,-1.2552485113297882,2.852060644375457,-8.506966633809446,-3.4863320680337004,-5.328752951424812,9.527296411420025,-8.541433530413183,4.986744840286109,2.811749828943721,-1.711176334097705,-5.610759491700513,-4.971533356482903,-6.749979604959472,-6.590342259292749,-7.1024056956923705,-7.397576163843482,-4.751663549629429,-0.8134313917916601,-2.4770898486948276,-3.879520347669946,2.852060644375457,-4.6930387212624485,-6.731935762344131,-7.957627372715429,-6.265855324011547,-6.532793377409189,-10.21363728546571,-10.601487203929489,-9.205359344133885,-2.0278472045143188,-3.699378527851351,-4.762210337529426,-3.871784765223783
2019-01-31,-8.25547279638109,-10.736374136940631,3.756439079772124,1.9444830976838163,-7.761152693535937,-3.366036586309925,-9.429669986972726,-11.585048738256528,-12.155234580880688,-15.875614805659454,3.857128583583301,3.8874232318617676,11.488098179810015,10.327474221109748,8.967190644033117,11.60333614962523,12.657155840836037,11.895142224248797,-4.23473543160012,-13.74265045844189,-9.71829515304012,-6.254766007602128,1.9444830976838163,9.737649631741197,13.992220257976541,16.706160581158635,14.533073114331266,4.359287142783417,10.523206750073388,9.477154670392112,8.022708525918032,-2.4800806111320415,-2.397814857806987,0.5831204216651231,-1.976554768609796
2019-02-28,3.369952619337277,2.5740353468988575,-0.5475048397931956,-0.575691657774687,1.175422193850081,-5.619843733368652,1.2279195242088659,-2.0828602866850954,-0.05793632963124689,2.510006860773143,0.02325217473512235,-1.9513281624635497,-3.6034922321122065,-3.2739995698270334,0.39631643193660776,-1.2146143172011146,-0.9872661291624504,-1.0394268565627318,-3.4820922925463744,-2.7399249092639497,-3.5021037718579704,-3.516862994819926,-0.575691657774687,-1.5563003308165004,-2.951435376787547,-2.2287118082702295,-1.7460544492336476,-4.279531253304928,-5.805012937115139,-5.342622256624558,-5.447050980936612,-0.9251191654664025,-4.1427748952383325,-3.239406557779539,-2.536919381923787
2019-03-29,-4.72632773653289,-4.707270297805342,0.19809560153162994,-3.2174495024330825,0.9070815509008202,4.556563245820392,-1.252691266169192,0.32609482884055835,0.8404230808919464,-2.3657702887709147,3.994467162310484,-7.628875478970704,-11.386311269409207,-9.70407578380906,-3.607560358715571,-5.4036543236914465,-4.124603458964842,-3.538173890871141,-9.346926131973257,-1.101266777544851,-7.846323025063548,-9.65120579571383,-3.2174495024330825,-10.15952306929147,-11.156065544640933,-10.74301056754059,-10.23262698915399,-7.077503564383896,-11.258254614977833,-9.23389269053499,-8.443174403812291,-7.747288140635257,-9.362351604621079,-9.442101676489466,-8.753573769404346
2019-04-30,0.5429452782345904,0.5745640396352807,-5.39450409970956,-4.533137993742052,1.822260415030583,5.497149193308089,-0.18948625688715892,2.2041490352968913,-4.091118253614019,4.75436585372939,-3.6656721023446277,0.21391629032804974,-3.0616154551065313,-1.0674068655577795,-2.1427111333825826,-5.783222930675571,-3.8529450855104637,-3.065389947250528,-1.979630041166145,-4.274087738289536,-5.973247657473475,-4.02172402029617,-4.533137993742052,-0.39638987043050844,-4.970847946014579,-3.477452316610988,-2.164642123759867,2.222782564362142,-1.061123234373047,1.463287391200897,1.922700029783372,-0.03619708614373819,-6.160684355589513,-0.7721340762880678,-0.37246198691176413
2019-05-31,-3.5696755771960587,-6.496610517272476,-3.1006249541769337,0.4915637681697609,-10.395521530322254,4.515079836077665,-4.874320403288015,7.258008610045832,-7.040107410887591,-1.289344954661679,-0.668589402358754,-0.9698651589008951,-3.5549357233448813,-3.837772144723083,-4.240863309068103,-5.259229105333205,-5.719006725819707,-5.861217375914392,-8.241061249858493,-7.8354379754111445,-10.340378950217358,-9.742832023717455,0.4915637681697609,-3.0652700168775957,-6.189098883809125,-5.715121320084755,-5.721556749042545,-4.029823038726966,-6.726672516978658,-6.40314655355456,-5.718377393295106,-4.694596599851751,-10.996273577437798,-7.072637685102695,-6.234596584993108
2019-06-28,-1.2385846320783702,0.8052771468946943,-2.1340623389104323,1.9850852624937358,0.49980892574812613,2.533819175346255,0.6094728247098994,3.001656345537229,0.8173178397721845,-1.8651056079293675,0.4687149177420632,-6.802903413408261,-10.48470475708475,-10.15010937813906,-9.952308162458502,-10.163120502511793,-9.211865037451263,-9.798390140941912,-7.285287166869391,1.5638386472074715,-2.8174970454194925,-5.2157135961933045,1.9850852624937358,-10.887353711924012,-10.185075012164605,-11.482792927988962,-12.267648924908814,-8.001722535727295,-10.479560732159399,-10.877042926248954,-10.582371107998146,-6.935959637947496,-4.051557403613981,-4.3676513053105435,-7.652402480082251
2019-07-31,6.691168219189978,5.555198459789352,-3.0919534897790824,-1.941424453401593,-4.030523972947846,-1.3855379319056091,3.727533468677089,2.6316549887837093,0.4297855960440204,9.338940114421463,-5.53200926289254,4.5847020366489355,3.7458608816536514,4.813570904769307,-0.565768600169236,0.45416130122557435,1.2405405230800235,-1.8726024569803026,3.4187799336374214,-0.25330940551521264,0.049444473839694296,2.128586033745988,-1.941424453401593,4.125449805136471,3.5846418462993284,3.9256938814217737,2.888132231361267,3.0706626254022953,3.4694454219951685,4.116448637709621,2.607324428547108,3.33742453069328,-0.32045392520153454,3.577400756516355,2.4795941926131713
2019-08-30,1.1405642497314894,-0.909089836819702,-1.6795532033130454,-0.989067501279546,-6.541409595732816,2.5316811336490828,-3.212793505821113,2.501431094338071,-3.988246611137022,-1.9383191454628221,0.07212716163750553,-2.1669548390723654,-3.280115420660851,-3.250129760918074,-3.82399231669103,-1.7437514704607588,-3.0323714835991087,-4.587387971267819,-4.928179892929492,-7.912662073808058,-6.056286673813518,-5.837514794297457,-0.989067501279546,-3.5060836022553357,-3.016249439027285,-3.568489772764917,-4.832814285562361,-2.5559070379559983,-2.5106512407611126,-2.9821159682273692,-3.6616671509339374,-4.992220850077484,-4.3813924729037215,-2.3009442971134852,-6.329060702657545
2019-09-30,2.564834361086205,3.5593245455376548,-1.1391447535178607,-0.23165563503220762,0.42073007744838864,-0.6798168232465306,2.0118078548316176,3.44147623134765,0.31498273334253213,3.008169895687093,0.07514948997420057,-4.850893203436788,-6.7582353310466035,-6.6452792296233545,-2.441483030306349,-2.747938886399323,-3.3108079650615645,-3.3403237111166697,-2.448735189244683,1.9539001966578404,1.4601135399755338,-1.5542978454977538,-0.23165563503220762,-2.640390826477899,-2.0831488722094735,-4.194861444693251,-3.8181467615805995,-5.8498693931334875,-6.698755288301302,-6.433039098180766,-6.751323323301699,-2.3103909986876228,-0.1285133139373258,-1.4881240839153562,-1.6118758338022472
2019-10-31,-1.346123610982971,-1.512369897236368,2.886372039199868,3.9558157496954878,-0.20711441791282678,-1.9485342851670668,-1.8893302026025995,-0.06745504520918888,-0.6743974728782763,-2.9572390433248685,2.3661563415336975,-3.8637239539775083,-3.32752938452416,-4.294819183642287,-3.9437289409176297,-1.238765634202391,-2.6072095521310272,-5.24916281653154,-3.705930578450701,2.6156830260071326,0.627156127703774,-0.7966225610672977,3.9558157496954878,-4.913728211283157,-2.50287758562946,-2.5157094111361227,-5.130931696325871,-5.3884706085033285,-4.459525124713548,-4.942788623048467,-6.289495668970002,-5.735094649240715,-2.5113868218032604,-2.1977778474479868,-5.645320778933445
2019-11-29,-0.6626539149005244,-1.0030813716291767,0.4526588714833366,0.6026859722484459,1.0858797535347606,0.7014763157874636,1.1943174103999366,2.026304739980046,-0.46869192247066277,-0.5159822859781772,-0.37539503762852683,4.94911103727951,5.472263201208519,5.197128086193382,-1.2354840418972364,1.774122721003693,0.8436346540752121,-0.04293391849104396,2.584398041098649,0.7904585667715791,0.9640809920300828,1.4487027868478513,0.6026859722484459,2.207335439409659,2.9918566710925916,2.7470860565952244,2.5230020110052576,2.9187259933084073,3.3232541871855843,2.5671428833978305,2.0502364991300186,2.757736833191898,1.234172957233248,2.4913448296469336,1.6887762040478496
