No,code,name,ipo_date,industry_zx,industry_sw,MKT_CAP_FLOAT,is_open1,PCT_CHG_NM,liq_barra_con_equal_ortho,mom_con_equal_ortho
1,000001.SZ,平安银行,1991-04-03,金融保险业-银行业,金融保险业-银行业,5310163.3291,True,-0.0882182240278584,0.4760427505236575,-0.06380220203520512
2,000002.SZ,万科Ａ,1991-01-29,房地产业-房地产开发与经营业,房地产业-房地产开发与经营业,7997302.8539,True,-0.0024096385542169,1.124622295443498,-0.07876329090694087
5,000009.SZ,中国宝安,1991-06-25,综合类,综合类,1328787.7964,True,-0.1900958466453673,0.7038071239603165,-2.9966201680195304
7,000012.SZ,南玻Ａ,1992-02-28,制造业-非金属矿物制品业-金属非金属-玻璃及玻璃制品业,制造业-非金属矿物制品业-金属非金属-玻璃及玻璃制品业,1400757.7518,True,-0.1787351054078826,1.0651877845174351,0.26139629769249456
14,000021.SZ,深科技,1994-02-02,信息技术业-计算机及相关设备制造业,信息技术业-计算机及相关设备制造业,802597.8449,True,-0.1006389776357826,-0.9927656103776857,-0.07006595167844192
15,000024.SZ,招商地产(退),1993-06-07,房地产业-房地产开发与经营业,房地产业-房地产开发与经营业,1385519.6732,True,0.0063819342169857,1.2469918431003364,0.023205327171553825
18,000027.SZ,深圳能源,1993-09-03,电力煤气及水的生产和供应业-电力蒸汽热水的生产和供应业,电力煤气及水的生产和供应业-电力蒸汽热水的生产和供应业,1715303.3643,True,-0.0753846153846153,-0.5944578559494309,0.23943034771805793
28,000039.SZ,中集集团,1994-04-08,制造业-金属制品业-金属非金属-集装箱和金属包装物品制造业,制造业-金属制品业-金属非金属-集装箱和金属包装物品制造业,1883884.6625,False,-0.1104575163398693,-0.20603987101381047,-0.06995297995042495
35,000059.SZ,华锦股份,1997-01-30,制造业-石油加工及炼焦业-石油化学塑胶塑料,制造业-石油加工及炼焦业-石油化学塑胶塑料,1122473.4531,True,-0.0977683315621678,0.15908753460841665,0.05912365934345092
36,000060.SZ,中金岭南,1997-01-23,制造业-有色金属冶炼及压延加工业-金属非金属,制造业-有色金属冶炼及压延加工业-金属非金属,2204937.4494,True,-0.1780303030303031,-0.4613374389860888,-0.31511382041480884
37,000061.SZ,农产品,1997-01-10,批发和零售贸易-食品饮料烟草和家庭用品批发业,批发和零售贸易-食品饮料烟草和家庭用品批发业,897741.6341,True,-0.0916808149405772,0.011064570690943132,-0.08281915862532194
39,000063.SZ,中兴通讯,1997-11-18,信息技术业-通信及相关设备制造业,信息技术业-通信及相关设备制造业,4794720.1166,True,-0.0391812865497077,0.5496612784643652,0.15778058038233517
42,000069.SZ,华侨城Ａ,1997-09-10,房地产业-房地产开发与经营业,房地产业-房地产开发与经营业,1770697.5572,True,-0.0665778961384819,1.1446360567216165,0.024683669590183158
49,000100.SZ,TCL科技,2004-01-30,制造业-日用电子器具制造业-电子,制造业-日用电子器具制造业-电子,1835635.8659,True,-0.1206896551724137,1.6368709991531847,0.5155277875355752
53,000157.SZ,中联重科,2000-10-12,制造业-专用设备制造业-机械设备仪表,制造业-专用设备制造业-机械设备仪表,6023098.5792,True,-0.1025906735751295,0.5411870727618389,0.3699162379453711
57,000338.SZ,潍柴动力,2007-04-30,制造业-交通运输设备制造业-机械设备仪表,制造业-交通运输设备制造业-机械设备仪表,2413344.8478,True,-0.1320863309352518,1.1951442948615392,0.14489762405883452
59,000401.SZ,金隅冀东,1996-06-14,制造业-非金属矿物制品业-金属非金属-水泥制造业,制造业-非金属矿物制品业-金属非金属-水泥制造业,2320238.8115,True,-0.1149364406779659,-0.7714402767046562,-0.8028737225131733
60,000402.SZ,金融街,1996-06-26,房地产业-房地产开发与经营业,房地产业-房地产开发与经营业,1979294.8985,True,-0.0454545454545454,0.8734687507402679,0.15830548134894115
73,000422.SZ,湖北宜化,1996-08-15,制造业-化学原料及化学制品制造业-石油化学塑胶塑料-化学肥料制造业,制造业-化学原料及化学制品制造业-石油化学塑胶塑料-化学肥料制造业,1061417.346,True,-0.0715736040609137,0.7927893680594436,-0.37958781664392327
74,000423.SZ,东阿阿胶,1996-07-29,制造业-医药制造业-医药生物制品-中药材及中成药加工业,制造业-医药制造业-医药生物制品-中药材及中成药加工业,2871417.8391,True,-0.0601398601398601,0.9053948434949932,0.2887026024594092
75,000425.SZ,徐工机械,1996-08-28,制造业-专用设备制造业-机械设备仪表,制造业-专用设备制造业-机械设备仪表,1658303.5355,True,-0.1592754528419737,1.0459852945843668,0.19818805424990976
97,000527.SZ,美的电器(退),1993-11-12,制造业-电器机械及器材制造业-机械设备仪表-日用电器制造业,制造业-电器机械及器材制造业-机械设备仪表-日用电器制造业,4287244.4892,True,-0.0721357850070723,-0.18868246426598695,0.2677707830449114
98,000528.SZ,柳工,1993-11-18,制造业-专用设备制造业-机械设备仪表,制造业-专用设备制造业-机械设备仪表,1576521.2494,True,-0.1974612129760224,0.35340090287247694,0.21232780322356737
107,000538.SZ,云南白药,1993-12-15,批发和零售贸易-药品及医疗器械零售业-零售业,批发和零售贸易-药品及医疗器械零售业-零售业,3615630.0328,True,-0.0369790647622774,-0.5222950859486546,-0.06005073686648102
122,000559.SZ,万向钱潮,1994-01-10,制造业-交通运输设备制造业-机械设备仪表-汽车制造业,制造业-交通运输设备制造业-机械设备仪表-汽车制造业,1052719.6198,True,-0.1324200913242008,-0.14226409876999024,-0.3288228716107633
125,000562.SZ,宏源证券(退),1994-02-02,金融保险业-综合类证券公司-证券期货业,金融保险业-综合类证券公司-证券期货业,1953580.6413,True,-0.0410754294249441,-1.3065981562589184,-0.6310428226715504
131,000568.SZ,泸州老窖,1994-05-09,制造业-饮料制造业-食品、饮料-酒精及饮料酒制造业,制造业-饮料制造业-食品、饮料-酒精及饮料酒制造业,5673105.4963,True,-0.0416768815886247,0.947952937542398,0.020649245729048513
137,000581.SZ,威孚高科,1998-09-24,制造业-普通机械制造业-机械设备仪表,制造业-普通机械制造业-机械设备仪表,1325033.669,True,-0.0915985997666276,0.04945296936250171,-0.05227606249606956
163,000623.SZ,吉林敖东,1996-10-28,制造业-医药制造业-医药生物制品,制造业-医药制造业-医药生物制品,1588112.9531,True,-0.0815916398713825,1.0851835500342304,0.3105588376531399
164,000625.SZ,长安汽车,1997-06-10,制造业-交通运输设备制造业-机械设备仪表-汽车制造业,制造业-交通运输设备制造业-机械设备仪表-汽车制造业,1605686.5552,True,-0.0987654320987655,-0.8327183311012677,0.09431346533429602
167,000630.SZ,铜陵有色,1996-11-20,制造业-有色金属冶炼及压延加工业-金属非金属,制造业-有色金属冶炼及压延加工业-金属非金属,3107570.9639,True,-0.1210575139146568,0.3473586281679978,-0.4306038124710252
176,000651.SZ,格力电器,1996-11-18,制造业-电器机械及器材制造业-机械设备仪表-日用电器制造业,制造业-电器机械及器材制造业-机械设备仪表-日用电器制造业,5724799.093,True,-0.0107055961070561,0.24845715603702279,0.3873801463591213
189,000680.SZ,山推股份,1997-01-22,制造业-专用设备制造业-机械设备仪表-冶金矿山机电工业专用设备制造业,制造业-专用设备制造业-机械设备仪表-冶金矿山机电工业专用设备制造业,666088.7203,True,-0.165556612749762,0.879461472521218,0.7826742327354929
193,000686.SZ,东北证券,1997-02-27,金融保险业-综合类证券公司-证券期货业,金融保险业-综合类证券公司-证券期货业,983901.8575,True,-0.0339869281045752,-1.7347386714665636,-0.3784797720104258
205,000709.SZ,河钢股份,1997-04-16,制造业-黑色金属冶炼及压延加工业-金属非金属,制造业-黑色金属冶炼及压延加工业-金属非金属,1643870.054,True,-0.1055900621118012,1.368348318871653,0.29447825260395216
212,000718.SZ,苏宁环球,1997-04-08,房地产业-房地产开发与经营业,房地产业-房地产开发与经营业,979362.2963,True,-0.026706231454006,-1.0801952709360794,-0.7817881430395429
219,000728.SZ,国元证券,1997-06-16,金融保险业-综合类证券公司-证券期货业,金融保险业-综合类证券公司-证券期货业,1922853.9,True,0.0325534079348932,-0.5893808903041913,-0.2618505849141993
220,000729.SZ,燕京啤酒,1997-07-16,制造业-饮料制造业-食品、饮料-酒精及饮料酒制造业,制造业-饮料制造业-食品、饮料-酒精及饮料酒制造业,1587716.1639,True,-0.0172872340425531,0.3184721372451811,0.016620031999145135
233,000758.SZ,中色股份,1997-04-16,采掘业-重有色金属矿采选-有色金属矿采选业,采掘业-重有色金属矿采选-有色金属矿采选业,1569857.8685,True,-0.0167648391481648,-0.2060398710138225,-0.06995297995054596
240,000768.SZ,中航西飞,1997-06-26,制造业-交通运输设备制造业-机械设备仪表-航空航天器制造业,制造业-交通运输设备制造业-机械设备仪表-航空航天器制造业,2068262.7276,True,-0.1328828828828828,-0.6155662026403826,-0.01650289310757358
241,000776.SZ,广发证券,1997-06-11,金融保险业-综合类证券公司-证券期货业,金融保险业-综合类证券公司-证券期货业,2057475.1651,True,0.0119136262099777,-0.3094262342053541,-0.061085632227170644
243,000778.SZ,新兴铸管,1997-06-06,制造业-金属制品业-金属非金属,制造业-金属制品业-金属非金属,992509.201,True,0.0163265306122448,0.6764354200422089,0.25767531765048657
246,000783.SZ,长江证券,1997-07-31,金融保险业-综合类证券公司-证券期货业,金融保险业-综合类证券公司-证券期货业,2103239.7902,True,-0.0442477876106193,-0.6675008595559101,-0.20617855932578538
253,000792.SZ,盐湖股份,1997-09-04,制造业-化学原料及化学制品制造业-石油化学塑胶塑料,制造业-化学原料及化学制品制造业-石油化学塑胶塑料,2162767.0925,True,-0.14247311827957,0.3615788025706096,-0.3533573396984543
259,000800.SZ,一汽解放,1997-06-18,制造业-交通运输设备制造业-机械设备仪表-汽车制造业,制造业-交通运输设备制造业-机械设备仪表-汽车制造业,1454105.4664,True,0.0076701821668263,-0.1261222133428631,0.05302233415463631
264,000807.SZ,云铝股份,1998-04-08,制造业-有色金属冶炼及压延加工业-金属非金属,制造业-有色金属冶炼及压延加工业-金属非金属,914743.1509,True,-0.10828025477707,-0.4612079966051059,-0.5221463437001793
274,000825.SZ,太钢不锈,1998-10-21,制造业-黑色金属冶炼及压延加工业-金属非金属,制造业-黑色金属冶炼及压延加工业-金属非金属,2341002.3086,True,-0.1075794621026895,0.14245342334709654,0.1640964909336714
283,000839.SZ,国安股份,1997-10-31,综合类,综合类,1213175.3346,True,0.0347043701799485,-0.05142788466019708,0.1083851014713309
288,000858.SZ,五粮液,1998-04-27,制造业-饮料制造业-食品、饮料-酒精及饮料酒制造业,制造业-饮料制造业-食品、饮料-酒精及饮料酒制造业,13375415.937,True,-0.0617142857142856,0.6827457550642252,0.17153281962610994
294,000869.SZ,张裕Ａ,2000-10-26,制造业-饮料制造业-食品、饮料-酒精及饮料酒制造业,制造业-饮料制造业-食品、饮料-酒精及饮料酒制造业,3557018.7526,True,-0.0640707261348961,-1.069053544446736,-0.3620730816206031
296,000876.SZ,新希望,1998-03-11,制造业-食品加工业-食品、饮料-粮食及饲料加工业,制造业-食品加工业-食品、饮料-粮食及饲料加工业,1471107.6958,True,-0.0681183696259072,-0.12892702751604612,0.09015175832634081
298,000878.SZ,云南铜业,1998-06-02,制造业-有色金属冶炼及压延加工业-金属非金属,制造业-有色金属冶炼及压延加工业-金属非金属,2304741.442,True,-0.1051762114537445,-0.8546590871970174,-0.83002941279171
310,000895.SZ,双汇发展,1998-12-10,制造业-食品加工业-食品、饮料,制造业-食品加工业-食品、饮料,4181294.8105,True,0.025297619047619,-0.6163070754165719,-0.08742995113739711
312,000898.SZ,鞍钢股份,1997-12-25,制造业-黑色金属冶炼及压延加工业-金属非金属,制造业-黑色金属冶炼及压延加工业-金属非金属,3037601.017,True,-0.130081300813008,-0.4428281019976167,0.1249133323244567
337,000933.SZ,神火股份,1999-08-31,制造业-有色金属冶炼及压延加工业-金属非金属,制造业-有色金属冶炼及压延加工业-金属非金属,1931885.6325,True,-0.148566463944396,-0.5950008730519464,-0.6723819535783792
340,000937.SZ,冀中能源,1999-09-09,采掘业-煤炭采选业,采掘业-煤炭采选业,3154961.9421,True,-0.1389167502507522,-0.5590189013617328,-0.6546755243479164
353,000960.SZ,锡业股份,2000-02-21,制造业-有色金属冶炼及压延加工业-金属非金属,制造业-有色金属冶炼及压延加工业-金属非金属,2162051.1325,True,-0.1032724181895452,-0.049728422197925615,-0.41415343501739604
359,000968.SZ,蓝焰控股,2000-06-22,采掘业-煤炭采选业,采掘业-煤炭采选业,887241.069,True,-0.1002881844380404,-0.6519731964059353,-0.2965242804266316
360,000969.SZ,安泰科技,2000-05-29,制造业-金属制品业-金属非金属,制造业-金属制品业-金属非金属,1494541.2624,True,-0.1015981735159816,0.27499499594789023,-0.15717746474370048
369,000983.SZ,山西焦煤,2000-07-26,采掘业-煤炭采选业,采掘业-煤炭采选业,2533604.3962,True,-0.1479976784677888,0.4750896149041259,-0.2301466184548603
379,000999.SZ,华润三九,2000-03-09,制造业-医药制造业-医药生物制品,制造业-医药制造业-医药生物制品,598230.1129,True,-0.0077704722056186,0.32435566241046904,-0.20175483380317047
382,002001.SZ,新和成,2004-06-25,制造业-医药制造业-医药生物制品-化学药品原药制造业,制造业-医药制造业-医药生物制品-化学药品原药制造业,1567189.6102,True,-0.091743119266055,-0.17835795266381338,0.25820145336269895
386,002007.SZ,华兰生物,2004-06-25,制造业-生物制品业-医药生物制品-生物药品制造业,制造业-生物制品业-医药生物制品-生物药品制造业,1418984.4147,True,-0.0725577624645318,-0.282143646780987,-0.6186242415516005
415,002038.SZ,双鹭药业,2004-09-09,制造业-生物制品业-医药生物制品,制造业-生物制品业-医药生物制品,875066.8416,True,-0.0421925712225027,0.33075070900050646,-0.31785745004064836
442,002069.SZ,獐子岛,2006-09-28,农林牧渔业-海洋渔业-渔业,农林牧渔业-海洋渔业-渔业,1616120.5216,True,-0.0579476861167002,-0.5979457157210794,-0.6837579668516041
446,002073.SZ,软控股份,2006-10-18,制造业-专用设备制造业-机械设备仪表,制造业-专用设备制造业-机械设备仪表,881528.7437,True,-0.0702113156100886,0.10127412578983847,-1.3224416451065224
464,002092.SZ,中泰化学,2006-12-08,制造业-化学原料及化学制品制造业-石油化学塑胶塑料-基本化学原料制造业,制造业-化学原料及化学制品制造业-石油化学塑胶塑料-基本化学原料制造业,1009016.6804,True,-0.2174704276615104,-0.10797791300898787,2.2045058456979336
477,002106.SZ,莱宝高科,2007-01-12,制造业-电子元器件制造业-电子,制造业-电子元器件制造业-电子,1118757.0428,True,-0.2535282258064516,-0.43055384581480527,-0.9222454345945491
494,002128.SZ,电投能源,2007-04-18,采掘业-煤炭开采业-煤炭采选业,采掘业-煤炭开采业-煤炭采选业,2072283.7913,True,-0.0665387076135637,-0.5847606105258136,-0.2508970266448571
507,002142.SZ,宁波银行,2007-07-19,金融保险业-银行业,金融保险业-银行业,2484303.3143,True,-0.0839160839160837,-0.3857359577268116,-0.3731895508478303
510,002146.SZ,荣盛发展,2007-08-08,房地产业-房地产开发与经营业,房地产业-房地产开发与经营业,1572993.2656,True,0.0551020408163267,-0.929991446756095,-0.47537983884557866
519,002155.SZ,湖南黄金,2007-08-16,采掘业-有色金属矿采选业,采掘业-有色金属矿采选业,1467763.6411,True,-0.053399923165578,0.37518681627282646,0.3920099872658253
562,002202.SZ,金风科技,2007-12-26,制造业-电器机械及器材制造业-机械设备仪表-电机制造业,制造业-电器机械及器材制造业-机械设备仪表-电机制造业,1836196.3076,True,-0.1555051078320091,0.12446571034025354,0.149502578183437
600,002244.SZ,滨江集团,2008-05-29,房地产业-房地产开发与经营业,房地产业-房地产开发与经营业,944173.88,True,-0.0315052508751457,-1.3080911549323255,-0.898068940188028
648,002299.SZ,圣农发展,2009-10-21,制造业-食品加工业-食品、饮料-屠宰及肉类蛋类加工业,制造业-食品加工业-食品、饮料-屠宰及肉类蛋类加工业,430155.1727,True,-0.0695538057742782,0.5671416943104504,0.12268043814135668
653,002304.SZ,洋河股份,2009-11-06,制造业-饮料制造业-食品、饮料-酒精及饮料酒制造业,制造业-饮料制造业-食品、饮料-酒精及饮料酒制造业,6113488.8629,True,-0.0183455637091394,-1.0790638815363875,-0.264864967887228
656,002310.SZ,东方新能,2009-11-27,建筑业-土木工程建筑业,建筑业-土木工程建筑业,451216.6186,True,0.0027602959037209,-0.07950939749372252,-0.18251725127382235
688,002344.SZ,海宁皮城,2010-01-26,批发和零售贸易-零售业,批发和零售贸易-零售业,347960.0667,True,0.0462633451957295,0.06269989279691197,-0.2759650315217246
721,002378.SZ,章源钨业,2010-03-31,制造业-有色金属冶炼及压延加工业-金属非金属-轻有色金属冶炼业,制造业-有色金属冶炼及压延加工业-金属非金属-轻有色金属冶炼业,198205.8882,True,0.106151537884471,-0.2060398710138224,-0.06995297995049944
728,002385.SZ,大北农,2010-04-09,制造业-食品加工业-食品、饮料-粮食及饲料加工业,制造业-食品加工业-食品、饮料-粮食及饲料加工业,601811.5587,True,0.0240822320117475,-0.1957273245380617,-0.1243769177692605
742,002399.SZ,海普瑞,2010-05-06,制造业-医药制造业-医药生物制品-化学药品原药制造业,制造业-医药制造业-医药生物制品-化学药品原药制造业,448817.4,True,-0.1094166984369043,0.015488100047193865,-0.03779749414667938
748,002405.SZ,四维图新,2010-05-18,信息技术业-计算机软件开发与咨询-计算机应用服务业,信息技术业-计算机软件开发与咨询-计算机应用服务业,683883.1309,True,-0.1838525669153137,-0.24315910228162918,0.023554214766488946
758,002415.SZ,海康威视,2010-05-28,制造业-其他电子设备制造业-电子,制造业-其他电子设备制造业-电子,1028419.025,True,0.0240384615384614,-0.6439705043220719,-0.41049608303303964
765,002422.SZ,科伦药业,2010-06-03,制造业-医药制造业-医药生物制品-化学药品制剂制造业,制造业-医药制造业-医药生物制品-化学药品制剂制造业,1009359.7845,True,-0.117475292003594,-0.8672877578699003,0.218163088860368
773,002431.SZ,棕榈股份,2010-06-10,建筑业-其他土木工程建筑业-土木工程建筑业,建筑业-其他土木工程建筑业-土木工程建筑业,439651.0562,True,-0.0768312101910827,-1.2228428833547653,-0.721998019210683
833,002493.SZ,荣盛石化,2010-11-02,制造业-化学纤维制造业-石油化学塑胶塑料-合成纤维制造业,制造业-化学纤维制造业-石油化学塑胶塑料-合成纤维制造业,225680.0,True,-0.1249377799900448,0.5819802024393581,0.3787148139565148
837,002498.SZ,汉缆股份,2010-11-09,制造业-电器机械及器材制造业-机械设备仪表-输配电及控制设备制造业,制造业-电器机械及器材制造业-机械设备仪表-输配电及控制设备制造业,146541.5024,True,-0.1226476314081765,0.4100963865772868,-0.01605414310803982
839,002500.SZ,山西证券,2010-11-15,金融保险业-综合类证券公司-证券期货业,金融保险业-综合类证券公司-证券期货业,1040967.5542,True,-0.0953716690042073,0.5774507123601286,-0.02595859151401478
922,002594.SZ,比亚迪,2011-06-30,制造业-其他制造业-其他制造业,制造业-其他制造业-其他制造业,206506.0,True,0.0994560994560995,1.2355970808915582,1.2324048999709505
931,002603.SZ,以岭药业,2011-07-28,制造业-医药制造业-医药生物制品-中药材及中成药加工业,制造业-医药制造业-医药生物制品-中药材及中成药加工业,222755.0,True,-0.1215778628201353,0.3456684239614016,-0.0018776938897128864
1233,600000.SH,浦发银行,1999-11-10,金融保险业-银行业,金融保险业-银行业,14236329.3839,True,-0.0649214659685865,0.23889873650092597,-0.058775205166578304
1235,600005.SH,武钢股份(退),1999-08-03,制造业-黑色金属冶炼及压延加工业-金属非金属,制造业-黑色金属冶炼及压延加工业-金属非金属,3219915.7635,True,-0.1034482758620689,-0.18575369410640596,0.2462680385707876
1238,600008.SH,首创环保,2000-04-27,电力煤气及水的生产和供应业-自来水的生产和供应业,电力煤气及水的生产和供应业-自来水的生产和供应业,1214400.0,True,-0.1119133574007221,-1.5113658399981786,-0.8655829651404136
1239,600009.SH,上海机场,1998-02-18,交通运输仓储业-机场及航空运输辅助业-交通运输辅助业,交通运输仓储业-机场及航空运输辅助业-交通运输辅助业,1434641.0329,True,-0.0249056603773585,0.5656965607092523,-0.022071089122058463
1240,600010.SH,包钢股份,2001-03-09,制造业-黑色金属冶炼及压延加工业-金属非金属,制造业-黑色金属冶炼及压延加工业-金属非金属,3378836.5646,True,0.1442307692307691,0.8887845841383621,0.07160047927109903
1243,600015.SH,华夏银行,2003-09-12,金融保险业-银行业,金融保险业-银行业,5774041.2616,True,-0.0693842150910667,0.14605315117588769,-0.39265789211123514
1244,600016.SH,民生银行,2000-12-19,金融保险业-银行业,金融保险业-银行业,14885229.973,True,-0.0485584218512898,0.6014714121536391,-0.06531334852000065
1247,600019.SH,宝钢股份,2000-12-12,制造业-黑色金属冶炼及压延加工业-金属非金属,制造业-黑色金属冶炼及压延加工业-金属非金属,9228849.3424,True,-0.0879541108986616,0.2758554475964863,0.5540089026747973
1251,600026.SH,中远海能,2002-05-23,交通运输仓储业-沿海运输业-水上运输业,交通运输仓储业-沿海运输业-水上运输业,1393753.0505,True,-0.1124437781109445,-0.6714267179468761,0.2846409563268585
1253,600028.SH,中国石化,2001-08-08,采掘业-天然原油开采-石油和天然气开采业,采掘业-天然原油开采-石油和天然气开采业,53280620.7202,True,-0.0501981505944517,-0.643122433739559,-0.2423910337789981
1254,600029.SH,南方航空,2003-07-25,交通运输仓储业-航空客货运输业-航空运输业,交通运输仓储业-航空客货运输业-航空运输业,3280305.6,True,-0.1506591337099809,0.5380060851206047,0.01770596586892441
1255,600030.SH,中信证券,2003-01-06,金融保险业-综合类证券公司-证券期货业,金融保险业-综合类证券公司-证券期货业,11581300.806,True,-0.0219409282700422,0.5532765582983791,-0.047357635188467806
1256,600031.SH,三一重工,2003-07-03,制造业-专用设备制造业-机械设备仪表,制造业-专用设备制造业-机械设备仪表,10250906.4,True,-0.1561210453920219,0.260678761554986,0.41291719862261206
1259,600036.SH,招商银行,2002-04-09,金融保险业-银行业,金融保险业-银行业,22736310.449,True,-0.0782339271882263,-0.0755938574371508,-0.09857320796761365
1260,600037.SH,歌华有线,2001-02-08,传播与文化产业-信息传播服务业,传播与文化产业-信息传播服务业,939483.6877,True,-0.0941043083900226,0.010025068751686128,-0.3133532013281586
1262,600048.SH,保利发展,2006-07-31,房地产业-房地产开发与经营业,房地产业-房地产开发与经营业,6485984.372,True,0.0134649910233393,0.46241548465099447,-0.6651515767006698
1263,600050.SH,中国联通,2002-10-09,信息技术业-电信服务业-通信服务业,信息技术业-电信服务业-通信服务业,10365135.6372,True,-0.1260330578512395,0.5302344722753427,-0.5788785020160632
1270,600058.SH,五矿发展,1997-05-28,批发和零售贸易-商业经纪与代理业,批发和零售贸易-商业经纪与代理业,2839491.4734,True,-0.0172811059907833,0.577046879079842,1.0314190914586652
1274,600062.SH,华润双鹤,1997-05-22,制造业-医药制造业-医药生物制品,制造业-医药制造业-医药生物制品,900421.1181,True,-0.0941328175370727,0.07769248888227637,0.5181294451703512
1277,600066.SH,宇通客车,1997-05-08,制造业-交通运输设备制造业-机械设备仪表,制造业-交通运输设备制造业-机械设备仪表,1678762.1903,True,-0.0433241433635289,0.715162620143174,1.3368737770423398
1279,600068.SH,葛洲坝(退),1997-05-26,建筑业-土木工程建筑业,建筑业-土木工程建筑业,2946902.8356,True,-0.1536643026004728,0.4557878564790515,0.2989166119483927
1292,600085.SH,同仁堂,1997-06-25,制造业-医药制造业-医药生物制品,制造业-医药制造业-医药生物制品,1941379.9512,True,-0.0594594594594592,0.5112508298840708,0.20250152151259648
1296,600089.SH,特变电工,1997-06-18,制造业-电器机械及器材制造业-机械设备仪表,制造业-电器机械及器材制造业-机械设备仪表,2303479.3002,True,-0.1168384879725086,0.9373808290264336,0.3048059907308127
1302,600098.SH,广州发展,1997-07-18,采掘业-煤炭采选业,采掘业-煤炭采选业,1422907.2,True,0.010174418604651,-1.8377105071741324,-0.5825459259732325
1304,600100.SH,同方股份,1997-06-27,信息技术业-计算机及相关设备制造业,信息技术业-计算机及相关设备制造业,2144729.4955,True,-0.1404805914972273,1.0345914071843472,1.0492900223794352
1307,600104.SH,上汽集团,1997-11-25,制造业-交通运输设备制造业-机械设备仪表,制造业-交通运输设备制造业-机械设备仪表,14461600.3755,True,-0.0625790139064474,-0.731915228268771,0.052138608694162425
1310,600108.SH,亚盛集团,1997-08-18,农林牧渔业-其他农业-农业,农林牧渔业-其他农业-农业,789772.4247,True,-0.0018315018315017,0.8894066792724187,-0.9269917177781523
1311,600109.SH,国金证券,1997-08-07,金融保险业-综合类证券公司-证券期货业,金融保险业-综合类证券公司-证券期货业,1110268.7576,True,-0.0143497757847533,-1.0178121664240312,-0.6742848501105214
1312,600111.SH,北方稀土,1997-09-24,制造业-有色金属冶炼及压延加工业-金属非金属,制造业-有色金属冶炼及压延加工业-金属非金属,4088514.9415,True,0.2127157129881927,1.481390789681024,1.6801050483298279
1315,600115.SH,中国东航,1997-11-05,交通运输仓储业-航空运输业,交通运输仓储业-航空运输业,1141976.55,True,-0.1693735498839905,-0.00010886510947888395,-0.18331935369363078
1318,600118.SH,中国卫星,1997-09-08,信息技术业-通信及相关设备制造业,信息技术业-通信及相关设备制造业,1332593.6022,True,-0.0907651715039578,0.09377001194743101,0.009564433108724818
1322,600123.SH,兰花科创,1998-12-17,采掘业-煤炭采选业,采掘业-煤炭采选业,2493288.0,True,0.0148469620831428,0.09994405566370554,-0.4515646749233054
1323,600125.SH,铁龙物流,1998-05-11,交通运输仓储业-铁路运输业,交通运输仓储业-铁路运输业,941821.7263,True,0.0076838638858398,-0.5030091604319782,-0.6787766229141659
1329,600132.SH,重庆啤酒,1997-10-30,制造业-饮料制造业-食品、饮料,制造业-饮料制造业-食品、饮料,1805212.5685,True,-0.2582835415535036,0.004353828961340955,1.3057800290384822
1334,600143.SH,金发科技,2004-06-23,制造业-塑料制造业-石油化学塑胶塑料-其他塑料制造业,制造业-塑料制造业-石油化学塑胶塑料-其他塑料制造业,2122338.5,True,-0.0816485225505442,0.02032114771488358,-1.0187811347364062
1338,600150.SH,中国船舶,1998-05-20,制造业-交通运输设备制造业-机械设备仪表-船舶制造业,制造业-交通运输设备制造业-机械设备仪表-船舶制造业,3200413.0987,True,0.0626029654036244,-0.8782740410907142,-0.11446498537556701
1339,600151.SH,航天机电,1998-06-05,制造业-电器机械及器材制造业-机械设备仪表,制造业-电器机械及器材制造业-机械设备仪表,792789.0764,True,-0.1618705035971223,-0.05924792925972619,0.04818663048262935
1341,600153.SH,建发股份,1998-06-16,批发和零售贸易-商业经纪与代理业,批发和零售贸易-商业经纪与代理业,1667124.302,True,-0.0278884462151394,0.327682370383943,0.17628673801956568
1347,600160.SH,巨化股份,1998-06-26,制造业-化学原料及化学制品制造业-石油化学塑胶塑料,制造业-化学原料及化学制品制造业-石油化学塑胶塑料,1786726.656,True,-0.0592396109637488,0.7896451483199425,0.08889647151666308
1348,600161.SH,天坛生物,1998-06-16,制造业-生物制品业-医药生物制品,制造业-生物制品业-医药生物制品,770458.5,True,-0.1142131979695429,-0.016156571324154267,-0.05329415531963472
1351,600166.SH,福田汽车,1998-06-02,制造业-交通运输设备制造业-机械设备仪表,制造业-交通运输设备制造业-机械设备仪表,1026035.5644,True,-0.0642164954529727,0.3372212673630842,0.5954141331078942
1353,600170.SH,上海建工,1998-06-23,建筑业-土木工程建筑业,建筑业-土木工程建筑业,352456.02,True,0.1713147410358564,0.6429808985329618,-0.09821351064756262
1359,600177.SH,雅戈尔,1998-11-19,制造业-服装及其他纤维制品制造业-纺织、服装、皮毛,制造业-服装及其他纤维制品制造业-纺织、服装、皮毛,1780001.2914,True,-0.033966033966034,0.038533343100847495,-0.19792099989598866
1364,600183.SH,生益科技,1998-10-28,制造业-电子元器件制造业-电子,制造业-电子元器件制造业-电子,763704.7035,True,-0.0647571606475715,0.4137747512310006,-0.4403475430548244
1369,600188.SH,兖矿能源,1998-07-01,采掘业-煤炭采选业,采掘业-煤炭采选业,920824.2356,True,-0.1307240704500978,0.6485399432637865,0.010145591586849727
1375,600196.SH,复星医药,1998-08-07,制造业-医药制造业-医药生物制品,制造业-医药制造业-医药生物制品,1755248.2923,True,-0.0043149946062567,0.4008735618854662,0.39240048053793064
1384,600208.SH,衢州发展,1999-06-23,房地产业-房地产开发与经营业,房地产业-房地产开发与经营业,2440182.397,True,-0.0625,-1.6024007830101232,-0.7404101893398192
1390,600216.SH,浙江医药,1999-10-21,制造业-医药制造业-医药生物制品,制造业-医药制造业-医药生物制品,1056285.2459,True,-0.0949744463373083,0.6244666110698882,0.6665711807056875
1393,600219.SH,南山铝业,1999-12-23,制造业-有色金属冶炼及压延加工业-金属非金属,制造业-有色金属冶炼及压延加工业-金属非金属,1522179.5876,True,-0.1094147582697201,0.44255606617958426,0.2808675622908138
1394,600221.SH,海航控股,1999-11-25,交通运输仓储业-航空运输业,交通运输仓储业-航空运输业,1706048.94,True,-0.1392156862745097,-0.7744882678398217,-0.03960248691795276
1418,600252.SH,中恒集团,2000-11-30,制造业-医药制造业-医药生物制品,制造业-医药制造业-医药生物制品,1110307.236,True,-0.1967833491012298,0.6369230910904575,0.5256141045153542
1420,600256.SH,广汇能源,2000-05-26,房地产业-房地产开发与经营业,房地产业-房地产开发与经营业,2600885.7984,True,-0.0308515014397368,0.41924883956921233,-0.30911551615132526
1423,600259.SH,中稀有色,2000-05-25,制造业-有色金属冶炼及压延加工业-金属非金属,制造业-有色金属冶炼及压延加工业-金属非金属,1616112.0,True,-0.05296975395706,1.0136633029406978,1.4311294633395781
1426,600266.SH,城建发展,1999-02-03,房地产业-房地产开发与经营业,房地产业-房地产开发与经营业,1196863.2,True,-0.0275502606105734,-0.07125613224691507,0.008357797876376874
1427,600267.SH,海正药业,2000-07-25,制造业-医药制造业-医药生物制品,制造业-医药制造业-医药生物制品,1289273.7,True,-0.0682326621923937,-0.526789118596597,-1.3500352588820126
1431,600271.SH,航天信息,2003-07-11,信息技术业-电子计算机制造业-计算机及相关设备制造业,信息技术业-电子计算机制造业-计算机及相关设备制造业,2090577.6,True,-0.1941747572815532,-0.29616114491452955,-0.1890410992550954
1435,600276.SH,恒瑞医药,2000-10-18,制造业-医药制造业-医药生物制品,制造业-医药制造业-医药生物制品,2999527.5785,True,0.0065234075211051,-0.22471022457407464,0.16120229676825576
1459,600309.SH,万华化学,2001-01-05,制造业-化学原料及化学制品制造业-石油化学塑胶塑料,制造业-化学原料及化学制品制造业-石油化学塑胶塑料,3208904.7245,True,-0.1275033377837116,-0.11155066790684856,-0.20114427049104122
1464,600316.SH,洪都航空,2000-12-15,制造业-交通运输设备制造业-机械设备仪表-航空航天器制造业,制造业-交通运输设备制造业-机械设备仪表-航空航天器制造业,1210161.3215,True,-0.1710161021654637,-0.2943338589368279,-0.5024050943301457
1468,600320.SH,振华重工,2000-12-21,制造业-专用设备制造业-机械设备仪表,制造业-专用设备制造业-机械设备仪表,1317108.3211,True,-0.1223300970873787,-0.8057790019236046,0.09499257289698518
1478,600331.SH,宏达股份,2001-12-20,制造业-有色金属冶炼及压延加工业-金属非金属,制造业-有色金属冶炼及压延加工业-金属非金属,1024776.0,True,-0.1565656565656568,0.21600373006525192,-0.7820895095703827
1488,600348.SH,华阳股份,2003-08-21,采掘业-采掘服务业,采掘业-采掘服务业,4776330.0,True,-0.1346057257659467,-0.022239003255298595,0.19093627509614908
1491,600352.SH,浙江龙盛,2003-08-01,制造业-化学原料及化学制品制造业-石油化学塑胶塑料-专用化学产品制造业,制造业-化学原料及化学制品制造业-石油化学塑胶塑料-专用化学产品制造业,995586.0005,True,-0.0778267254038177,0.36020851620610594,0.2334525599341977
1497,600362.SH,江西铜业,2002-01-11,制造业-有色金属冶炼及压延加工业-金属非金属-重有色金属冶炼业,制造业-有色金属冶炼及压延加工业-金属非金属-重有色金属冶炼业,5599017.4987,True,-0.1071695294996265,0.555612832025827,0.29178191067388
1502,600369.SH,西南证券,2001-01-09,金融保险业-综合类证券公司-证券期货业,金融保险业-综合类证券公司-证券期货业,1487532.4696,True,-0.0635268346111719,-1.336480370203832,-0.5833104673273501
1505,600372.SH,中航机载,2001-07-06,制造业-交通运输设备制造业-机械设备仪表-航空航天器制造业,制造业-交通运输设备制造业-机械设备仪表-航空航天器制造业,1171780.0,True,-0.1601535240753663,-1.1871767713360575,-0.10075010745985985
1508,600376.SH,首开股份,2001-03-12,房地产业-房地产开发与经营业,房地产业-房地产开发与经营业,1739801.7,True,-0.0168350168350168,-0.5757368316655886,-0.15432918186613476
1512,600380.SH,健康元,2001-06-08,制造业-医药制造业-医药生物制品,制造业-医药制造业-医药生物制品,833463.1853,True,-0.1126543209876542,-0.47668970574952596,-0.00571745892387171
1514,600383.SH,金地集团,2001-04-12,房地产业-房地产开发与经营业,房地产业-房地产开发与经营业,2593474.9718,True,0.0152542372881356,1.1103961621863019,0.44563302538522176
1522,600395.SH,盘江股份,2001-05-31,采掘业-煤炭采选业,采掘业-煤炭采选业,716642.013,True,-0.0275229357798166,0.5745076342163606,1.0643491308044148
1531,600406.SH,国电南瑞,2003-10-16,制造业-电器机械及器材制造业-机械设备仪表-输配电及控制设备制造业,制造业-电器机械及器材制造业-机械设备仪表-输配电及控制设备制造业,3565968.3229,True,-0.0692806603773584,-0.5009268867590833,-0.19484058138821964
1535,600415.SH,小商品城,2002-05-09,批发和零售贸易-零售业,批发和零售贸易-零售业,1037772.5093,True,-0.1614763552479815,0.6520161362989698,0.5457829852613313
1537,600418.SH,江淮汽车,2001-08-24,制造业-交通运输设备制造业-机械设备仪表-汽车制造业,制造业-交通运输设备制造业-机械设备仪表-汽车制造业,788558.2703,True,-0.1758389261744967,0.2089221204413334,1.6333863065221437
1544,600428.SH,中远海特,2002-04-18,交通运输仓储业-远洋运输业-管道运输业,交通运输仓储业-远洋运输业-管道运输业,836770.9645,True,-0.1313725490196079,0.5886575446749265,0.1413099565760959
1546,600432.SH,退市吉恩(退),2003-09-05,制造业-有色金属冶炼及压延加工业-金属非金属-重有色金属冶炼业,制造业-有色金属冶炼及压延加工业-金属非金属-重有色金属冶炼业,1201271.0037,True,-0.0613496932515337,-0.47558576232080485,-0.013479685790327628
1557,600456.SH,宝钛股份,2002-04-12,制造业-有色金属冶炼及压延加工业-金属非金属-贵金属冶炼业,制造业-有色金属冶炼及压延加工业-金属非金属-贵金属冶炼业,500124.0137,True,-0.0529197080291972,0.23968910871987487,-0.3047159978271151
1573,600481.SH,双良节能,2003-04-22,制造业-化学原料及化学制品制造业-石油化学塑胶塑料,制造业-化学原料及化学制品制造业-石油化学塑胶塑料,741233.2806,True,-0.1858695652173912,-0.4507394080128192,0.33573521866654626
1579,600489.SH,中金黄金,2003-08-14,采掘业-有色金属矿采选业,采掘业-有色金属矿采选业,4421542.9483,True,-0.1201716738197422,0.03605558765029951,0.04630794329142987
1585,600497.SH,驰宏锌锗,2004-04-20,采掘业-有色金属矿采选业,采掘业-有色金属矿采选业,2185011.3499,True,-0.0997596153846154,-0.5576124510289068,-0.5771658319564582
1586,600498.SH,烽火通信,2001-08-23,信息技术业-通信及相关设备制造业,信息技术业-通信及相关设备制造业,1242964.5113,True,-0.0494485948061189,-0.17892872087000922,-0.8088750809059703
1588,600500.SH,中化国际,2000-03-01,批发和零售贸易-商业经纪与代理业,批发和零售贸易-商业经纪与代理业,1144321.2985,True,-0.1141781681304894,-0.09774284627638932,0.4832463751956778
1595,600508.SH,上海能源,2001-08-29,采掘业-煤炭采选业,采掘业-煤炭采选业,1589256.882,True,-0.0976828714220809,-0.9485491603932326,-0.530006197664252
1602,600516.SH,方大炭素,2002-08-30,制造业-非金属矿物制品业-金属非金属-石墨及碳素制品业,制造业-非金属矿物制品业-金属非金属-石墨及碳素制品业,1460706.9595,True,-0.1148825065274151,0.1124615749941773,-0.28004663960931725
1604,600518.SH,康美药业,2001-03-19,制造业-医药制造业-医药生物制品,制造业-医药制造业-医药生物制品,2794566.1079,True,0.001577287066246,0.4489928558500078,0.09835772369966848
1605,600519.SH,贵州茅台,2001-08-27,制造业-饮料制造业-食品、饮料-酒精及饮料酒制造业,制造业-饮料制造业-食品、饮料-酒精及饮料酒制造业,21226628.28,True,-0.0277421265672822,0.08315589647069027,0.1452272479341661
1612,600528.SH,中铁工业,2001-05-28,建筑业-土木工程建筑业,建筑业-土木工程建筑业,825907.2,True,-0.1350877192982457,-0.5304154389247261,-0.08266965361622249
1618,600535.SH,天士力,2002-08-23,制造业-医药制造业-医药生物制品-中药材及中成药加工业,制造业-医药制造业-医药生物制品-中药材及中成药加工业,2008878.962,True,-0.0887345679012345,-0.3382155610218323,-0.07968863178138748
1626,600546.SH,山煤国际,2003-07-31,批发和零售贸易-能源批发业-能源材料和机械电子设备批发业,批发和零售贸易-能源批发业-能源材料和机械电子设备批发业,496837.7248,True,-0.082695810564663,0.6131655037607098,0.4499620940272063
1627,600547.SH,山东黄金,2003-08-28,采掘业-贵金属矿采选-有色金属矿采选业,采掘业-贵金属矿采选-有色金属矿采选业,5357867.6161,True,-0.1067828929447017,0.5014241394488101,0.3470178206688325
1629,600549.SH,厦门钨业,2002-11-07,制造业-有色金属冶炼及压延加工业-金属非金属-有色金属压延加工业,制造业-有色金属冶炼及压延加工业-金属非金属-有色金属压延加工业,2562198.86,True,0.0913665254237288,-0.39203931440295015,-0.5020905421460099
1630,600550.SH,保变电气,2001-02-28,制造业-电器机械及器材制造业-机械设备仪表,制造业-电器机械及器材制造业-机械设备仪表,1687405.8235,True,-0.1793214862681744,-0.13903537367287533,0.2157101144029708
1654,600582.SH,天地科技,2002-05-15,制造业-专用设备制造业-机械设备仪表,制造业-专用设备制造业-机械设备仪表,1779404.4,True,-0.0715909090909091,-1.7628630277635946,-0.09968873394507254
1655,600583.SH,海油工程,2002-02-05,采掘业-石油和天然气开采服务-采掘服务业,采掘业-石油和天然气开采服务-采掘服务业,2357000.64,True,-0.0855263157894737,0.13992426054449641,-0.10672690768222398
1657,600585.SH,海螺水泥,2002-02-07,制造业-非金属矿物制品业-金属非金属-水泥制造业,制造业-非金属矿物制品业-金属非金属-水泥制造业,7175466.4267,True,-0.1124859392575928,-0.23883829216814229,-0.865827861251619
1660,600588.SH,用友网络,2001-05-18,信息技术业-计算机软件开发与咨询-计算机应用服务业,信息技术业-计算机软件开发与咨询-计算机应用服务业,1517580.2626,True,0.0123989218328839,-1.0231996989834962,-0.3612515430180746
1668,600598.SH,北大荒,2002-03-29,农林牧渔业-种植业-农业,农林牧渔业-种植业-农业,1690573.5935,True,-0.1692627206645897,-0.4348592744908669,-0.14218910905858745
1669,600600.SH,青岛啤酒,1993-08-27,制造业-饮料制造业-食品、饮料-酒精及饮料酒制造业,制造业-饮料制造业-食品、饮料-酒精及饮料酒制造业,2359147.1616,True,-0.0361053566143829,0.3576941867858629,-0.12437237172177484
1694,600635.SH,大众公用,1993-03-04,电力煤气及水的生产和供应业-煤气生产和供应业,电力煤气及水的生产和供应业-煤气生产和供应业,835593.8498,True,-0.088757396449704,0.03514841780872366,-0.019607545945546277
1700,600642.SH,申能股份,1993-04-16,采掘业-石油和天然气开采业,采掘业-石油和天然气开采业,2236710.1304,True,-0.0828025477707007,-0.20603987101382176,-0.06995297995050788
1706,600649.SH,城投控股,1993-05-18,综合类,综合类,1512146.5192,True,-0.0680786686838124,-0.1494574948702917,0.32061282420499804
1712,600655.SH,豫园股份,1992-09-02,批发和零售贸易-零售业,批发和零售贸易-零售业,1361143.9113,True,-0.0797413793103448,-0.07153477898795882,0.10931356489960985
1716,600660.SH,福耀玻璃,1993-06-10,制造业-非金属矿物制品业-金属非金属-玻璃及玻璃制品业,制造业-非金属矿物制品业-金属非金属-玻璃及玻璃制品业,1639480.9772,True,-0.0908059023836551,-0.08723952964480508,-0.12604330419622228
1720,600664.SH,哈药股份,1993-06-29,制造业-医药制造业-医药生物制品,制造业-医药制造业-医药生物制品,844818.3702,True,-0.1529850746268657,1.2349930789380044,-0.4789668860028752
1727,600674.SH,川投能源,1993-09-24,电力煤气及水的生产和供应业-电力生产业-电力蒸汽热水的生产和供应业,电力煤气及水的生产和供应业-电力生产业-电力蒸汽热水的生产和供应业,668973.1867,True,-0.0678659035159444,0.5502334164591469,-0.0890394906571059
1739,600690.SH,海尔智家,1993-11-19,制造业-电器机械及器材制造业-机械设备仪表,制造业-电器机械及器材制造业-机械设备仪表,2816698.7895,True,-0.0628415300546448,0.1187471126514067,0.5881731092851359
1743,600694.SH,大商股份,1993-11-22,批发和零售贸易-零售业,批发和零售贸易-零售业,889380.0813,True,-0.0682042833607907,-0.4252599893788595,-0.22666907457231922
1749,600703.SH,三安光电,1996-05-28,制造业-电子元器件制造业-电子,制造业-电子元器件制造业-电子,900073.6957,True,-0.1430209625793068,0.2870029274577348,1.1196778202432898
1760,600718.SH,东软集团,1996-06-18,信息技术业-计算机应用服务业,信息技术业-计算机应用服务业,1075372.5586,True,-0.0807736063708759,-0.647754542462406,-0.6456387279351551
1778,600737.SH,中粮糖业,1996-07-31,制造业-食品加工业-食品、饮料-其他加工业,制造业-食品加工业-食品、饮料-其他加工业,570367.792,True,-0.1253443526170797,-0.4915021086794211,1.1121750600855158
1779,600739.SH,辽宁成大,1996-08-19,批发和零售贸易-商业经纪与代理业,批发和零售贸易-商业经纪与代理业,1993841.0412,True,0.0886162235855487,1.3866438959263732,0.3936675955848048
1781,600741.SH,华域汽车,1996-08-26,制造业-交通运输设备制造业-机械设备仪表-汽车制造业,制造业-交通运输设备制造业-机械设备仪表-汽车制造业,1549135.6848,True,-0.0601503759398496,0.15846107361499426,-0.1849178829585982
1807,600770.SH,综艺股份,1996-11-20,制造业-其他电子设备制造业-电子,制造业-其他电子设备制造业-电子,1052561.4,True,-0.1098484848484848,-0.45488027584443635,-0.10809852935780526
1813,600779.SH,水井坊,1996-12-06,制造业-饮料制造业-食品、饮料,制造业-饮料制造业-食品、饮料,672746.9603,True,-0.0104712041884819,1.305568497292477,1.1811493588001507
1816,600783.SH,鲁信创投,1996-12-25,制造业-非金属矿物制品业-金属非金属-其他非金属矿物制品业,制造业-非金属矿物制品业-金属非金属-其他非金属矿物制品业,768659.82,True,-0.1571203363110878,-0.2309378453941654,-0.21702170082288447
1826,600795.SH,国电电力,1997-03-18,电力煤气及水的生产和供应业-电力蒸汽热水的生产和供应业,电力煤气及水的生产和供应业-电力蒸汽热水的生产和供应业,3851381.7669,True,-0.075268817204301,0.9397732585987886,0.45301146330600106
1834,600804.SH,退市鹏博(退),1994-01-03,信息技术业-通信服务业,信息技术业-通信服务业,878064.1849,True,-0.0666666666666667,-0.10884611409592435,0.6678424057610197
1838,600808.SH,马钢股份,1994-01-06,制造业-黑色金属冶炼及压延加工业-金属非金属,制造业-黑色金属冶炼及压延加工业-金属非金属,1635163.825,True,-0.109090909090909,-0.44274490916129156,0.09825359251516792
1839,600809.SH,山西汾酒,1994-01-06,制造业-饮料制造业-食品、饮料,制造业-饮料制造业-食品、饮料,2941286.5596,True,-0.0860759493670886,-1.5149070214179572,-0.4660839185509451
1841,600812.SH,华北制药,1994-01-14,制造业-医药制造业-医药生物制品,制造业-医药制造业-医药生物制品,769376.0134,True,-0.2125668449197861,-0.49437363516195476,0.08108748345038674
1856,600832.SH,东方明珠(退),1994-02-24,综合类,综合类,1934105.2685,True,-0.0838815789473684,-0.6584355416411372,0.3138653548346968
1860,600837.SH,海通证券(退),1994-02-24,金融保险业-综合类证券公司-证券期货业,金融保险业-综合类证券公司-证券期货业,7372127.7773,True,0.0022246941045604,0.0687604221554301,-0.3559638611955257
1862,600839.SH,四川长虹,1994-03-11,制造业-日用电子器具制造业-电子,制造业-日用电子器具制造业-电子,1253722.4195,True,-0.1666666666666668,0.3851335385799756,1.328471514919281
1878,600859.SH,王府井,1994-05-06,批发和零售贸易-零售业,批发和零售贸易-零售业,1306801.5239,True,-0.0385109114249035,-0.7422331041851085,-0.07536340590852364
1882,600863.SH,华能蒙电,1994-05-20,电力煤气及水的生产和供应业-电力蒸汽热水的生产和供应业,电力煤气及水的生产和供应业-电力蒸汽热水的生产和供应业,505901.8637,True,-0.1220604703247479,1.2867839131731509,0.6447268415567138
1892,600873.SH,梅花生物,1995-02-17,制造业-食品制造业-食品、饮料-发酵制造业,制造业-食品制造业-食品、饮料-发酵制造业,1228167.0448,True,-0.1918158567774935,-0.24149261995375126,-0.2950472387098538
1894,600875.SH,东方电气,1995-10-10,制造业-普通机械制造业-机械设备仪表,制造业-普通机械制造业-机械设备仪表,3676097.33,True,-0.0857263513513514,0.7144650352549682,0.04323671386488218
1897,600879.SH,航天电子,1995-11-15,制造业-专用设备制造业-机械设备仪表,制造业-专用设备制造业-机械设备仪表,724259.4201,True,-0.0920177383592016,0.23580418487521768,-0.13731916659834725
1899,600881.SH,亚泰集团,1995-11-15,制造业-非金属矿物制品业-金属非金属,制造业-非金属矿物制品业-金属非金属,1064839.4166,True,-0.0520646319569122,0.4090217069951451,0.6003202446907299
1905,600887.SH,伊利股份,1996-03-12,制造业-食品制造业-食品、饮料,制造业-食品制造业-食品、饮料,3649298.0027,True,-0.0269315673289183,0.5493566767204593,-0.2188098582319912
1910,600893.SH,航发动力,1996-04-08,制造业-交通运输设备制造业-机械设备仪表-航空航天器制造业,制造业-交通运输设备制造业-机械设备仪表-航空航天器制造业,1655733.8805,True,-0.089866156787763,0.4751718762539743,-0.08567191777798616
1912,600895.SH,张江高科,1996-04-22,房地产业-房地产开发与经营业,房地产业-房地产开发与经营业,1223464.7445,True,-0.0771144278606963,-0.3541296811843957,-0.587093150523151
1915,600900.SH,长江电力,2003-11-18,电力煤气及水的生产和供应业-电力生产业-电力蒸汽热水的生产和供应业,电力煤气及水的生产和供应业-电力生产业-电力蒸汽热水的生产和供应业,4808737.4919,True,-0.0060975609756096,0.9267863106710628,0.5990430970379113
1924,600970.SH,中材国际,2005-04-12,建筑业-土木工程建筑业,建筑业-土木工程建筑业,1369509.12,True,0.0571126388154417,-1.1080096842533245,-0.6674429911287243
1925,600971.SH,恒源煤电,2004-08-17,采掘业-煤炭采选业,采掘业-煤炭采选业,759006.6275,True,-0.1854565952649379,0.621001875392245,0.8272980846307675
1942,600997.SH,开滦股份,2004-06-02,采掘业-煤炭开采业-煤炭采选业,采掘业-煤炭开采业-煤炭采选业,1579104.56,True,-0.0978856695379797,0.4888188199733243,-0.23136507855859278
1944,600999.SH,招商证券,2009-11-17,金融保险业-综合类证券公司-证券期货业,金融保险业-综合类证券公司-证券期货业,2954049.8342,True,-0.0596520298260149,-1.3349479147422354,-0.3815422968870218
1946,601001.SH,晋控煤业,2006-06-23,采掘业-煤炭开采业-煤炭采选业,采掘业-煤炭开采业-煤炭采选业,2344853.7,True,-0.1081850533807831,-0.02179895376534502,-0.18367601637197606
1949,601006.SH,大秦铁路,2006-08-01,交通运输仓储业-铁路运输业,交通运输仓储业-铁路运输业,11328495.1161,True,-0.0197368421052629,0.07402930431903476,0.3901191064009648
1952,601009.SH,南京银行,2007-07-19,金融保险业-银行业,金融保险业-银行业,2867989.4654,True,-0.0891191709844558,-0.003654620437713807,-0.4593479197515567
1955,601018.SH,宁波港,2010-09-28,交通运输仓储业-港口业-交通运输辅助业,交通运输仓储业-港口业-交通运输辅助业,828520.0,True,-0.0855018587360595,0.8244043311233522,0.1564787497649966
1958,601088.SH,中国神华,2007-10-09,采掘业-煤炭开采业-煤炭采选业,采掘业-煤炭开采业-煤炭采选业,45002153.7178,True,-0.0687272727272726,-0.4853014107481427,0.32061087132669464
1959,601098.SH,中南传媒,2010-10-28,传播与文化产业-出版业,传播与文化产业-出版业,400388.0,True,-0.0296442687747036,0.5783836486167873,-0.09084561036883576
1960,601099.SH,太平洋,2007-12-28,金融保险业-综合类证券公司-证券期货业,金融保险业-综合类证券公司-证券期货业,1085032.2058,True,-0.0751366120218579,-0.13793052988538454,-0.5515211234152992
1962,601101.SH,昊华能源,2010-03-31,采掘业-煤炭采选业,采掘业-煤炭采选业,769317.0157,True,-0.1249423697556477,0.7173088633764355,0.5925539637649893
1963,601106.SH,中国一重,2010-02-09,制造业-专用设备制造业-机械设备仪表-冶金矿山机电工业专用设备制造业,制造业-专用设备制造业-机械设备仪表-冶金矿山机电工业专用设备制造业,822110.0,True,-0.1142061281337045,0.7229045674243533,0.004708185887522975
1965,601111.SH,中国国航,2006-08-18,交通运输仓储业-航空客货运输业-航空运输业,交通运输仓储业-航空客货运输业-航空运输业,5748016.0786,True,-0.16,-0.9500858271482175,-0.1576119257698561
1968,601117.SH,中国化学,2010-01-07,建筑业-土木工程建筑业,建筑业-土木工程建筑业,1030546.0,True,-0.128166915052161,0.6732534772812396,0.031081924962698737
1969,601118.SH,海南橡胶,2011-01-07,农林牧渔业-农业,农林牧渔业-农业,648009.0,True,-0.1643835616438356,0.16932975161391486,-0.24429027841522105
1973,601158.SH,重庆水务,2010-03-29,电力煤气及水的生产和供应业-自来水的生产和供应业,电力煤气及水的生产和供应业-自来水的生产和供应业,333500.0,True,-0.1314199395770392,0.29316113365493657,-0.645887928307532
1974,601168.SH,西部矿业,2007-07-12,采掘业-有色金属矿采选业,采掘业-有色金属矿采选业,2640364.0,True,-0.1259057971014493,0.05621549237166369,-0.33751192470525626
1976,601179.SH,中国西电,2010-01-28,制造业-电器机械及器材制造业-机械设备仪表-输配电及控制设备制造业,制造业-电器机械及器材制造业-机械设备仪表-输配电及控制设备制造业,594135.0,True,-0.0617283950617282,0.7324202697933924,0.15873311258829548
1977,601186.SH,中国铁建,2008-03-10,建筑业-土木工程建筑业,建筑业-土木工程建筑业,4457229.2475,True,-0.1060948081264107,-0.446470252534911,0.11371387475556241
1981,601216.SH,君正集团,2011-02-22,制造业-化学原料及化学制品制造业-石油化学塑胶塑料-基本化学原料制造业,制造业-化学原料及化学制品制造业-石油化学塑胶塑料-基本化学原料制造业,441796.14,True,-0.1076408254322364,0.8409194458097181,-0.17127319217121995
1984,601233.SH,桐昆股份,2011-05-18,制造业-化学纤维制造业-石油化学塑胶塑料-合成纤维制造业,制造业-化学纤维制造业-石油化学塑胶塑料-合成纤维制造业,319440.0,True,-0.1191198786039454,1.3216557483083815,0.49058410053285917
1985,601288.SH,农业银行,2010-07-15,金融保险业-银行业,金融保险业-银行业,7031911.7,True,-0.0218978102189782,0.5646387380238227,0.0844275938928511
1987,601318.SH,中国平安,2007-03-01,金融保险业-保险业,金融保险业-保险业,19538124.1342,True,-0.0979038224414302,0.2765609311010757,0.02764200546575983
1988,601328.SH,交通银行,2007-05-15,金融保险业-银行业,金融保险业-银行业,16419944.7797,True,-0.0598802395209581,-0.925867593699566,-0.05377955398916595
1989,601333.SH,广深铁路,2006-12-22,交通运输仓储业-铁路运输业,交通运输仓储业-铁路运输业,1876725.9667,True,0.0028409090909089,-0.18913975692819018,0.07879857666208245
1992,601369.SH,陕鼓动力,2010-04-28,制造业-电器机械及器材制造业-机械设备仪表,制造业-电器机械及器材制造业-机械设备仪表,642151.3349,True,-0.0583690987124461,0.06954012595405543,-0.3027403784185129
1993,601377.SH,兴业证券,2010-10-13,金融保险业-综合类证券公司-证券期货业,金融保险业-综合类证券公司-证券期货业,1726228.032,True,-0.1438784629133154,0.4908494025061062,-0.43205686341176436
1994,601390.SH,中国中铁,2007-12-03,建筑业-土木工程建筑业,建筑业-土木工程建筑业,4588502.76,True,-0.1090909090909091,-0.9704814176095582,0.14858662803244213
1995,601398.SH,工商银行,2006-10-27,金融保险业-银行业,金融保险业-银行业,116194119.2508,True,-0.0181405895691609,-0.7481849530848723,0.39739411701263133
1998,601519.SH,大智慧,2011-01-28,信息技术业-计算机应用服务业,信息技术业-计算机应用服务业,301691.8124,True,-0.1657095980311728,0.36044821419805867,-0.20214314094520988
2000,601558.SH,退市锐电(退),2011-01-13,制造业-电器机械及器材制造业-机械设备仪表-电机制造业,制造业-电器机械及器材制造业-机械设备仪表-电机制造业,367850.0,True,-0.1372997711670479,0.1284288324839531,0.3885083074075522
2005,601600.SH,中国铝业,2007-04-30,制造业-有色金属冶炼及压延加工业-金属非金属,制造业-有色金属冶炼及压延加工业-金属非金属,7194971.9649,True,-0.1181208053691275,-1.7898627114713312,-0.57963695013788
2006,601601.SH,中国太保,2007-12-25,金融保险业-保险业,金融保险业-保险业,13043611.5606,True,-0.078356426182513,-0.688640673128697,-0.16754796536669275
2007,601607.SH,上海医药,1994-03-24,批发和零售贸易-零售业,批发和零售贸易-零售业,1316748.2826,True,-0.0898692810457516,1.2370884545851673,0.17385230834197224
2009,601618.SH,中国中冶,2009-09-21,建筑业-其他土木工程建筑业-土木工程建筑业,建筑业-其他土木工程建筑业-土木工程建筑业,1012042.2285,True,-0.0860215053763443,0.8253078212625998,0.28481928722187755
2010,601628.SH,中国人寿,2007-01-09,金融保险业-人寿保险业-保险业,金融保险业-人寿保险业-保险业,38919177.57,True,-0.120021528525296,-1.3565075033760667,-0.19124972402844553
2013,601666.SH,平煤股份,2006-11-23,采掘业-煤炭洗选业-煤炭采选业,采掘业-煤炭洗选业-煤炭采选业,2953249.729,True,-0.1282843894899535,0.5349742174965957,-0.04094380908180681
2014,601668.SH,中国建筑,2009-07-29,建筑业-土木工程建筑业,建筑业-土木工程建筑业,4136775.598,True,-0.0672782874617736,0.9703670305795904,0.360835581778699
2017,601688.SH,华泰证券,2010-02-26,金融保险业-综合类证券公司-证券期货业,金融保险业-综合类证券公司-证券期货业,1590829.6485,True,-0.0233592880978867,0.13466315196685907,-0.026337314826716945
2018,601699.SH,潞安环能,2006-09-22,采掘业-煤炭开采业-煤炭采选业,采掘业-煤炭开采业-煤炭采选业,6143894.28,True,-0.0841436050860134,0.13962151672778345,-0.011774621998380863
2020,601717.SH,中创智领,2010-08-03,制造业-专用设备制造业-机械设备仪表-冶金矿山机电工业专用设备制造业,制造业-专用设备制造业-机械设备仪表-冶金矿山机电工业专用设备制造业,1211291.2,True,-0.1236609890141079,1.5678310663264636,2.45426117531967
2021,601718.SH,际华集团,2010-08-16,制造业-服装及其他纤维制品制造业-纺织、服装、皮毛-服装制造业,制造业-服装及其他纤维制品制造业-纺织、服装、皮毛-服装制造业,419991.0,True,-0.0498614958448753,0.9306890982160846,0.33148184876404474
2022,601727.SH,上海电气,2008-12-05,制造业-电器机械及器材制造业-机械设备仪表-输配电及控制设备制造业,制造业-电器机械及器材制造业-机械设备仪表-输配电及控制设备制造业,5713414.5028,True,-0.0844827586206897,-1.839129239708065,0.21627689595747884
2023,601766.SH,中国中车,2008-08-18,制造业-交通运输设备制造业-机械设备仪表-铁路运输设备制造业,制造业-交通运输设备制造业-机械设备仪表-铁路运输设备制造业,4691388.0,True,-0.0975609756097559,0.10876511128638433,0.6405080409398729
2025,601788.SH,光大证券,2009-08-18,金融保险业-综合类证券公司-证券期货业,金融保险业-综合类证券公司-证券期货业,1322530.0,True,-0.0204582651391163,0.31866824819329165,0.8733666910612875
2029,601808.SH,中海油服,2007-09-28,采掘业-石油和天然气开采服务-采掘服务业,采掘业-石油和天然气开采服务-采掘服务业,5061303.852,True,-0.0565930956423317,-1.1618835175378894,-0.3582971502318397
2030,601818.SH,光大银行,2010-08-18,金融保险业-银行业,金融保险业-银行业,4686802.12,True,-0.0716612377850163,0.43106543615009696,-0.04581653739137159
2031,601857.SH,中国石油,2007-11-05,采掘业-天然原油开采-石油和天然气开采业,采掘业-天然原油开采-石油和天然气开采业,169921225.8645,True,-0.07183908045977,0.23104269171192265,0.10248507387807891
2032,601866.SH,中远海发,2007-12-12,交通运输仓储业-水上运输业,交通运输仓储业-水上运输业,2348031.0625,True,-0.0841423948220064,-0.7221964222442729,0.16868992235749164
2037,601888.SH,中国中免,2009-10-15,社会服务业-旅游业,社会服务业-旅游业,594880.0,True,-0.0526706231454006,0.39087730243781427,-0.26045770326073636
2039,601898.SH,中煤能源,2008-02-01,采掘业-煤炭开采业-煤炭采选业,采掘业-煤炭开采业-煤炭采选业,8916907.4023,True,-0.0799595141700405,-0.7728185877447113,-0.06261600745554773
2040,601899.SH,紫金矿业,2008-04-25,采掘业-有色金属矿采选业,采掘业-有色金属矿采选业,7506806.7338,True,-0.1161290322580644,0.4262254063352797,0.1326553515612079
2043,601918.SH,新集能源,2007-12-19,采掘业-煤炭洗选业-煤炭采选业,采掘业-煤炭洗选业-煤炭采选业,2344440.329,True,-0.0845070422535209,-0.9470539595242294,-0.09896215081912232
2044,601919.SH,中远海控,2007-06-26,交通运输仓储业-水上运输业,交通运输仓储业-水上运输业,4298671.4168,True,-0.1376306620209059,-0.4465471497344574,0.10980041887733177
2047,601933.SH,永辉超市,2010-12-15,批发和零售贸易-零售业,批发和零售贸易-零售业,1528543.3927,True,-0.0311183144246354,-0.30242688919332306,-0.3025662605302578
2048,601939.SH,建设银行,2007-09-25,金融保险业-银行业,金融保险业-银行业,4681704.9117,True,-0.0061728395061728,-0.10893148779344486,-0.05670155823798209
2049,601958.SH,金钼股份,2008-04-17,采掘业-有色金属矿采选业,采掘业-有色金属矿采选业,4448597.2004,True,-0.0693937180423666,-0.7324349329069907,-0.5625291865972023
2050,601988.SH,中国银行,2006-07-05,金融保险业-银行业,金融保险业-银行业,60026192.5555,True,-0.0261437908496731,-0.9412679532373164,0.3601094471253483
2051,601989.SH,中国重工(退),2009-12-16,制造业-交通运输设备制造业-机械设备仪表-船舶制造业,制造业-交通运输设备制造业-机械设备仪表-船舶制造业,2460137.9397,True,-0.0878048780487804,-0.21153461750287328,-0.16123249015727323
2052,601991.SH,大唐发电,2006-12-20,电力煤气及水的生产和供应业-电力生产业-电力蒸汽热水的生产和供应业,电力煤气及水的生产和供应业-电力生产业-电力蒸汽热水的生产和供应业,4973881.08,True,-0.0936936936936936,-1.8669115008941033,0.08383716597479227
2053,601992.SH,金隅集团,2011-03-01,制造业-非金属矿物制品业-金属非金属-水泥制造业,制造业-非金属矿物制品业-金属非金属-水泥制造业,314034.264,True,-0.2028254288597376,-0.19630935474377897,0.8357135913740874
2055,601998.SH,中信银行,2007-04-27,金融保险业-银行业,金融保险业-银行业,14324480.5796,True,-0.0596026490066226,-2.153491995304687,-0.15331590131854436
